state,date,new_cases,smoothed_9d
Andaman and Nicobar Islands,2020-03-14,0,0.0
Andaman and Nicobar Islands,2020-03-15,0,0.0
Andaman and Nicobar Islands,2020-03-16,0,0.0
Andaman and Nicobar Islands,2020-03-17,0,0.0
Andaman and Nicobar Islands,2020-03-18,0,0.0
Andaman and Nicobar Islands,2020-03-19,0,0.0
Andaman and Nicobar Islands,2020-03-20,0,0.0
Andaman and Nicobar Islands,2020-03-21,0,0.0
Andaman and Nicobar Islands,2020-03-22,0,0.0
Andaman and Nicobar Islands,2020-03-23,0,0.0
Andaman and Nicobar Islands,2020-03-24,0,1.0
Andaman and Nicobar Islands,2020-03-25,0,1.0
Andaman and Nicobar Islands,2020-03-26,1,1.0
Andaman and Nicobar Islands,2020-03-27,5,1.0
Andaman and Nicobar Islands,2020-03-28,3,1.0
Andaman and Nicobar Islands,2020-03-29,0,1.0
Andaman and Nicobar Islands,2020-03-30,1,1.0
Andaman and Nicobar Islands,2020-03-31,0,1.0
Andaman and Nicobar Islands,2020-04-01,0,0.0
Andaman and Nicobar Islands,2020-04-02,0,0.0
Andaman and Nicobar Islands,2020-04-03,0,0.0
Andaman and Nicobar Islands,2020-04-04,0,0.0
Andaman and Nicobar Islands,2020-04-05,0,0.0
Andaman and Nicobar Islands,2020-04-06,0,0.0
Andaman and Nicobar Islands,2020-04-07,0,0.0
Andaman and Nicobar Islands,2020-04-08,1,0.0
Andaman and Nicobar Islands,2020-04-09,0,0.0
Andaman and Nicobar Islands,2020-04-10,0,0.0
Andaman and Nicobar Islands,2020-04-11,0,0.0
Andaman and Nicobar Islands,2020-04-12,0,0.0
Andaman and Nicobar Islands,2020-04-13,0,0.0
Andaman and Nicobar Islands,2020-04-14,0,0.0
Andaman and Nicobar Islands,2020-04-15,0,0.0
Andaman and Nicobar Islands,2020-04-16,0,1.0
Andaman and Nicobar Islands,2020-04-17,1,1.0
Andaman and Nicobar Islands,2020-04-18,2,1.0
Andaman and Nicobar Islands,2020-04-19,1,1.0
Andaman and Nicobar Islands,2020-04-20,1,2.0
Andaman and Nicobar Islands,2020-04-21,1,2.0
Andaman and Nicobar Islands,2020-04-22,1,2.0
Andaman and Nicobar Islands,2020-04-23,4,3.0
Andaman and Nicobar Islands,2020-04-24,7,3.0
Andaman and Nicobar Islands,2020-04-25,4,2.0
Andaman and Nicobar Islands,2020-04-26,0,2.0
Andaman and Nicobar Islands,2020-04-27,0,1.0
Andaman and Nicobar Islands,2020-04-28,0,1.0
Andaman and Nicobar Islands,2020-04-29,0,0.0
Andaman and Nicobar Islands,2020-04-30,0,0.0
Andaman and Nicobar Islands,2020-05-01,0,0.0
Andaman and Nicobar Islands,2020-05-02,0,0.0
Andaman and Nicobar Islands,2020-05-03,0,0.0
Andaman and Nicobar Islands,2020-05-04,0,0.0
Andaman and Nicobar Islands,2020-05-05,0,0.0
Andaman and Nicobar Islands,2020-05-06,0,0.0
Andaman and Nicobar Islands,2020-05-07,0,0.0
Andaman and Nicobar Islands,2020-05-08,0,0.0
Andaman and Nicobar Islands,2020-03-14,0,0.0
Andaman and Nicobar Islands,2020-03-15,0,0.0
Andaman and Nicobar Islands,2020-03-16,0,0.0
Andaman and Nicobar Islands,2020-03-17,0,0.0
Andaman and Nicobar Islands,2020-03-18,0,0.0
Andaman and Nicobar Islands,2020-03-19,0,0.0
Andaman and Nicobar Islands,2020-03-20,0,0.0
Andaman and Nicobar Islands,2020-03-21,0,0.0
Andaman and Nicobar Islands,2020-03-22,0,0.0
Andaman and Nicobar Islands,2020-03-23,0,0.0
Andaman and Nicobar Islands,2020-03-24,0,1.0
Andaman and Nicobar Islands,2020-03-25,0,1.0
Andaman and Nicobar Islands,2020-03-26,1,1.0
Andaman and Nicobar Islands,2020-03-27,5,1.0
Andaman and Nicobar Islands,2020-03-28,3,1.0
Andaman and Nicobar Islands,2020-03-29,0,1.0
Andaman and Nicobar Islands,2020-03-30,1,1.0
Andaman and Nicobar Islands,2020-03-31,0,1.0
Andaman and Nicobar Islands,2020-04-01,0,0.0
Andaman and Nicobar Islands,2020-04-02,0,0.0
Andaman and Nicobar Islands,2020-04-03,0,0.0
Andaman and Nicobar Islands,2020-04-04,0,0.0
Andaman and Nicobar Islands,2020-04-05,0,0.0
Andaman and Nicobar Islands,2020-04-06,0,0.0
Andaman and Nicobar Islands,2020-04-07,0,0.0
Andaman and Nicobar Islands,2020-04-08,1,0.0
Andaman and Nicobar Islands,2020-04-09,0,0.0
Andaman and Nicobar Islands,2020-04-10,0,0.0
Andaman and Nicobar Islands,2020-04-11,0,0.0
Andaman and Nicobar Islands,2020-04-12,0,0.0
Andaman and Nicobar Islands,2020-04-13,0,0.0
Andaman and Nicobar Islands,2020-04-14,0,0.0
Andaman and Nicobar Islands,2020-04-15,0,0.0
Andaman and Nicobar Islands,2020-04-16,0,1.0
Andaman and Nicobar Islands,2020-04-17,1,1.0
Andaman and Nicobar Islands,2020-04-18,2,1.0
Andaman and Nicobar Islands,2020-04-19,1,1.0
Andaman and Nicobar Islands,2020-04-20,1,2.0
Andaman and Nicobar Islands,2020-04-21,1,2.0
Andaman and Nicobar Islands,2020-04-22,1,2.0
Andaman and Nicobar Islands,2020-04-23,4,3.0
Andaman and Nicobar Islands,2020-04-24,7,3.0
Andaman and Nicobar Islands,2020-04-25,4,2.0
Andaman and Nicobar Islands,2020-04-26,0,2.0
Andaman and Nicobar Islands,2020-04-27,0,1.0
Andaman and Nicobar Islands,2020-04-28,0,1.0
Andaman and Nicobar Islands,2020-04-29,0,0.0
Andaman and Nicobar Islands,2020-04-30,0,0.0
Andaman and Nicobar Islands,2020-05-01,0,0.0
Andaman and Nicobar Islands,2020-05-02,0,0.0
Andaman and Nicobar Islands,2020-05-03,0,0.0
Andaman and Nicobar Islands,2020-05-04,0,0.0
Andaman and Nicobar Islands,2020-05-05,0,0.0
Andaman and Nicobar Islands,2020-05-06,0,0.0
Andaman and Nicobar Islands,2020-05-07,0,0.0
Andaman and Nicobar Islands,2020-05-08,0,0.0
Andhra Pradesh,2020-03-14,1,0.0
Andhra Pradesh,2020-03-15,0,0.0
Andhra Pradesh,2020-03-16,0,0.0
Andhra Pradesh,2020-03-17,0,0.0
Andhra Pradesh,2020-03-18,0,1.0
Andhra Pradesh,2020-03-19,2,1.0
Andhra Pradesh,2020-03-20,0,1.0
Andhra Pradesh,2020-03-21,2,1.0
Andhra Pradesh,2020-03-22,1,1.0
Andhra Pradesh,2020-03-23,1,1.0
Andhra Pradesh,2020-03-24,1,2.0
Andhra Pradesh,2020-03-25,2,2.0
Andhra Pradesh,2020-03-26,1,2.0
Andhra Pradesh,2020-03-27,2,3.0
Andhra Pradesh,2020-03-28,6,8.0
Andhra Pradesh,2020-03-29,2,13.0
Andhra Pradesh,2020-03-30,2,17.0
Andhra Pradesh,2020-03-31,21,22.0
Andhra Pradesh,2020-04-01,67,28.0
Andhra Pradesh,2020-04-02,38,33.0
Andhra Pradesh,2020-04-03,15,35.0
Andhra Pradesh,2020-04-04,28,37.0
Andhra Pradesh,2020-04-05,64,36.0
Andhra Pradesh,2020-04-06,47,32.0
Andhra Pradesh,2020-04-07,11,30.0
Andhra Pradesh,2020-04-08,34,28.0
Andhra Pradesh,2020-04-09,15,25.0
Andhra Pradesh,2020-04-10,18,23.0
Andhra Pradesh,2020-04-11,24,23.0
Andhra Pradesh,2020-04-12,15,24.0
Andhra Pradesh,2020-04-13,19,25.0
Andhra Pradesh,2020-04-14,45,27.0
Andhra Pradesh,2020-04-15,41,30.0
Andhra Pradesh,2020-04-16,9,34.0
Andhra Pradesh,2020-04-17,38,37.0
Andhra Pradesh,2020-04-18,31,40.0
Andhra Pradesh,2020-04-19,44,45.0
Andhra Pradesh,2020-04-20,75,49.0
Andhra Pradesh,2020-04-21,35,54.0
Andhra Pradesh,2020-04-22,56,59.0
Andhra Pradesh,2020-04-23,80,63.0
Andhra Pradesh,2020-04-24,62,67.0
Andhra Pradesh,2020-04-25,61,69.0
Andhra Pradesh,2020-04-26,81,73.0
Andhra Pradesh,2020-04-27,80,73.0
Andhra Pradesh,2020-04-28,82,72.0
Andhra Pradesh,2020-04-29,73,71.0
Andhra Pradesh,2020-04-30,71,70.0
Andhra Pradesh,2020-05-01,60,68.0
Andhra Pradesh,2020-05-02,62,65.0
Andhra Pradesh,2020-05-03,58,63.0
Andhra Pradesh,2020-05-04,67,62.0
Andhra Pradesh,2020-05-05,67,61.0
Andhra Pradesh,2020-05-06,60,61.0
Andhra Pradesh,2020-05-07,56,60.0
Andhra Pradesh,2020-05-08,54,59.0
Arunachal Pradesh,2020-03-14,0,0.0
Arunachal Pradesh,2020-03-15,0,0.0
Arunachal Pradesh,2020-03-16,0,0.0
Arunachal Pradesh,2020-03-17,0,0.0
Arunachal Pradesh,2020-03-18,0,0.0
Arunachal Pradesh,2020-03-19,0,0.0
Arunachal Pradesh,2020-03-20,0,0.0
Arunachal Pradesh,2020-03-21,0,0.0
Arunachal Pradesh,2020-03-22,0,0.0
Arunachal Pradesh,2020-03-23,0,0.0
Arunachal Pradesh,2020-03-24,0,0.0
Arunachal Pradesh,2020-03-25,0,0.0
Arunachal Pradesh,2020-03-26,0,0.0
Arunachal Pradesh,2020-03-27,0,0.0
Arunachal Pradesh,2020-03-28,0,0.0
Arunachal Pradesh,2020-03-29,0,0.0
Arunachal Pradesh,2020-03-30,0,0.0
Arunachal Pradesh,2020-03-31,0,0.0
Arunachal Pradesh,2020-04-01,0,0.0
Arunachal Pradesh,2020-04-02,1,0.0
Arunachal Pradesh,2020-04-03,0,0.0
Arunachal Pradesh,2020-04-04,0,0.0
Arunachal Pradesh,2020-04-05,0,0.0
Arunachal Pradesh,2020-04-06,0,0.0
Arunachal Pradesh,2020-04-07,0,0.0
Arunachal Pradesh,2020-04-08,0,0.0
Arunachal Pradesh,2020-04-09,0,0.0
Arunachal Pradesh,2020-04-10,0,0.0
Arunachal Pradesh,2020-04-11,0,0.0
Arunachal Pradesh,2020-04-12,0,0.0
Arunachal Pradesh,2020-04-13,0,0.0
Arunachal Pradesh,2020-04-14,0,0.0
Arunachal Pradesh,2020-04-15,0,0.0
Arunachal Pradesh,2020-04-16,0,0.0
Arunachal Pradesh,2020-04-17,0,0.0
Arunachal Pradesh,2020-04-18,0,0.0
Arunachal Pradesh,2020-04-19,0,0.0
Arunachal Pradesh,2020-04-20,0,0.0
Arunachal Pradesh,2020-04-21,0,0.0
Arunachal Pradesh,2020-04-22,0,0.0
Arunachal Pradesh,2020-04-23,0,0.0
Arunachal Pradesh,2020-04-24,0,0.0
Arunachal Pradesh,2020-04-25,0,0.0
Arunachal Pradesh,2020-04-26,0,0.0
Arunachal Pradesh,2020-04-27,0,0.0
Arunachal Pradesh,2020-04-28,0,0.0
Arunachal Pradesh,2020-04-29,0,0.0
Arunachal Pradesh,2020-04-30,0,0.0
Arunachal Pradesh,2020-05-01,0,0.0
Arunachal Pradesh,2020-05-02,0,0.0
Arunachal Pradesh,2020-05-03,0,0.0
Arunachal Pradesh,2020-05-04,0,0.0
Arunachal Pradesh,2020-05-05,0,0.0
Arunachal Pradesh,2020-05-06,0,0.0
Arunachal Pradesh,2020-05-07,0,0.0
Arunachal Pradesh,2020-05-08,0,0.0
Assam,2020-03-14,0,0.0
Assam,2020-03-15,0,0.0
Assam,2020-03-16,0,0.0
Assam,2020-03-17,0,0.0
Assam,2020-03-18,0,0.0
Assam,2020-03-19,0,0.0
Assam,2020-03-20,0,0.0
Assam,2020-03-21,0,0.0
Assam,2020-03-22,0,0.0
Assam,2020-03-23,0,0.0
Assam,2020-03-24,0,0.0
Assam,2020-03-25,0,0.0
Assam,2020-03-26,0,0.0
Assam,2020-03-27,0,0.0
Assam,2020-03-28,0,1.0
Assam,2020-03-29,0,2.0
Assam,2020-03-30,0,2.0
Assam,2020-03-31,1,3.0
Assam,2020-04-01,15,4.0
Assam,2020-04-02,0,4.0
Assam,2020-04-03,7,4.0
Assam,2020-04-04,3,3.0
Assam,2020-04-05,0,3.0
Assam,2020-04-06,0,1.0
Assam,2020-04-07,2,1.0
Assam,2020-04-08,0,1.0
Assam,2020-04-09,1,1.0
Assam,2020-04-10,0,1.0
Assam,2020-04-11,0,1.0
Assam,2020-04-12,1,1.0
Assam,2020-04-13,2,1.0
Assam,2020-04-14,1,1.0
Assam,2020-04-15,0,1.0
Assam,2020-04-16,2,1.0
Assam,2020-04-17,0,1.0
Assam,2020-04-18,0,0.0
Assam,2020-04-19,0,0.0
Assam,2020-04-20,0,0.0
Assam,2020-04-21,0,0.0
Assam,2020-04-22,0,0.0
Assam,2020-04-23,1,0.0
Assam,2020-04-24,0,0.0
Assam,2020-04-25,0,0.0
Assam,2020-04-26,0,1.0
Assam,2020-04-27,0,1.0
Assam,2020-04-28,2,1.0
Assam,2020-04-29,0,1.0
Assam,2020-04-30,5,1.0
Assam,2020-05-01,0,1.0
Assam,2020-05-02,0,1.0
Assam,2020-05-03,0,1.0
Assam,2020-05-04,0,2.0
Assam,2020-05-05,2,2.0
Assam,2020-05-06,1,3.0
Assam,2020-05-07,8,3.0
Assam,2020-05-08,6,4.0
Bihar,2020-03-14,0,0.0
Bihar,2020-03-15,0,0.0
Bihar,2020-03-16,0,0.0
Bihar,2020-03-17,0,0.0
Bihar,2020-03-18,0,0.0
Bihar,2020-03-19,0,0.0
Bihar,2020-03-20,0,0.0
Bihar,2020-03-21,0,0.0
Bihar,2020-03-22,2,1.0
Bihar,2020-03-23,1,1.0
Bihar,2020-03-24,0,1.0
Bihar,2020-03-25,1,2.0
Bihar,2020-03-26,3,2.0
Bihar,2020-03-27,2,2.0
Bihar,2020-03-28,2,2.0
Bihar,2020-03-29,4,3.0
Bihar,2020-03-30,0,3.0
Bihar,2020-03-31,6,3.0
Bihar,2020-04-01,3,3.0
Bihar,2020-04-02,5,3.0
Bihar,2020-04-03,2,2.0
Bihar,2020-04-04,1,2.0
Bihar,2020-04-05,0,3.0
Bihar,2020-04-06,0,4.0
Bihar,2020-04-07,6,4.0
Bihar,2020-04-08,1,4.0
Bihar,2020-04-09,19,5.0
Bihar,2020-04-10,2,5.0
Bihar,2020-04-11,4,4.0
Bihar,2020-04-12,0,4.0
Bihar,2020-04-13,2,4.0
Bihar,2020-04-14,0,3.0
Bihar,2020-04-15,6,4.0
Bihar,2020-04-16,11,5.0
Bihar,2020-04-17,2,7.0
Bihar,2020-04-18,1,8.0
Bihar,2020-04-19,10,11.0
Bihar,2020-04-20,17,15.0
Bihar,2020-04-21,13,18.0
Bihar,2020-04-22,17,22.0
Bihar,2020-04-23,27,28.0
Bihar,2020-04-24,53,31.0
Bihar,2020-04-25,28,34.0
Bihar,2020-04-26,26,35.0
Bihar,2020-04-27,69,36.0
Bihar,2020-04-28,20,35.0
Bihar,2020-04-29,37,33.0
Bihar,2020-04-30,22,31.0
Bihar,2020-05-01,41,28.0
Bihar,2020-05-02,15,23.0
Bihar,2020-05-03,36,21.0
Bihar,2020-05-04,11,18.0
Bihar,2020-05-05,7,17.0
Bihar,2020-05-06,7,15.0
Bihar,2020-05-07,8,15.0
Bihar,2020-05-08,29,14.0
Chandigarh,2020-03-14,0,0.0
Chandigarh,2020-03-15,0,0.0
Chandigarh,2020-03-16,0,0.0
Chandigarh,2020-03-17,0,1.0
Chandigarh,2020-03-18,0,1.0
Chandigarh,2020-03-19,1,1.0
Chandigarh,2020-03-20,4,1.0
Chandigarh,2020-03-21,0,1.0
Chandigarh,2020-03-22,1,1.0
Chandigarh,2020-03-23,1,1.0
Chandigarh,2020-03-24,0,1.0
Chandigarh,2020-03-25,0,0.0
Chandigarh,2020-03-26,0,1.0
Chandigarh,2020-03-27,1,1.0
Chandigarh,2020-03-28,0,1.0
Chandigarh,2020-03-29,0,1.0
Chandigarh,2020-03-30,5,1.0
Chandigarh,2020-03-31,2,2.0
Chandigarh,2020-04-01,2,1.0
Chandigarh,2020-04-02,1,1.0
Chandigarh,2020-04-03,0,1.0
Chandigarh,2020-04-04,0,0.0
Chandigarh,2020-04-05,0,0.0
Chandigarh,2020-04-06,0,0.0
Chandigarh,2020-04-07,0,0.0
Chandigarh,2020-04-08,0,0.0
Chandigarh,2020-04-09,0,0.0
Chandigarh,2020-04-10,1,0.0
Chandigarh,2020-04-11,0,0.0
Chandigarh,2020-04-12,2,0.0
Chandigarh,2020-04-13,0,0.0
Chandigarh,2020-04-14,0,0.0
Chandigarh,2020-04-15,0,1.0
Chandigarh,2020-04-16,0,1.0
Chandigarh,2020-04-17,0,1.0
Chandigarh,2020-04-18,2,1.0
Chandigarh,2020-04-19,3,1.0
Chandigarh,2020-04-20,0,1.0
Chandigarh,2020-04-21,1,1.0
Chandigarh,2020-04-22,0,1.0
Chandigarh,2020-04-23,0,2.0
Chandigarh,2020-04-24,0,3.0
Chandigarh,2020-04-25,1,4.0
Chandigarh,2020-04-26,8,6.0
Chandigarh,2020-04-27,9,7.0
Chandigarh,2020-04-28,11,8.0
Chandigarh,2020-04-29,12,9.0
Chandigarh,2020-04-30,6,9.0
Chandigarh,2020-05-01,14,9.0
Chandigarh,2020-05-02,6,8.0
Chandigarh,2020-05-03,3,8.0
Chandigarh,2020-05-04,5,8.0
Chandigarh,2020-05-05,17,9.0
Chandigarh,2020-05-06,5,9.0
Chandigarh,2020-05-07,11,9.0
Chandigarh,2020-05-08,11,10.0
Chhattisgarh,2020-03-14,0,0.0
Chhattisgarh,2020-03-15,0,0.0
Chhattisgarh,2020-03-16,0,0.0
Chhattisgarh,2020-03-17,0,0.0
Chhattisgarh,2020-03-18,0,0.0
Chhattisgarh,2020-03-19,1,0.0
Chhattisgarh,2020-03-20,0,0.0
Chhattisgarh,2020-03-21,0,0.0
Chhattisgarh,2020-03-22,0,0.0
Chhattisgarh,2020-03-23,0,1.0
Chhattisgarh,2020-03-24,0,1.0
Chhattisgarh,2020-03-25,2,1.0
Chhattisgarh,2020-03-26,3,1.0
Chhattisgarh,2020-03-27,0,1.0
Chhattisgarh,2020-03-28,1,1.0
Chhattisgarh,2020-03-29,0,1.0
Chhattisgarh,2020-03-30,1,1.0
Chhattisgarh,2020-03-31,1,0.0
Chhattisgarh,2020-04-01,0,0.0
Chhattisgarh,2020-04-02,0,0.0
Chhattisgarh,2020-04-03,0,0.0
Chhattisgarh,2020-04-04,1,0.0
Chhattisgarh,2020-04-05,0,1.0
Chhattisgarh,2020-04-06,0,1.0
Chhattisgarh,2020-04-07,0,2.0
Chhattisgarh,2020-04-08,0,2.0
Chhattisgarh,2020-04-09,8,3.0
Chhattisgarh,2020-04-10,0,3.0
Chhattisgarh,2020-04-11,7,3.0
Chhattisgarh,2020-04-12,6,3.0
Chhattisgarh,2020-04-13,0,3.0
Chhattisgarh,2020-04-14,2,2.0
Chhattisgarh,2020-04-15,0,2.0
Chhattisgarh,2020-04-16,3,1.0
Chhattisgarh,2020-04-17,0,1.0
Chhattisgarh,2020-04-18,0,0.0
Chhattisgarh,2020-04-19,0,0.0
Chhattisgarh,2020-04-20,0,0.0
Chhattisgarh,2020-04-21,0,0.0
Chhattisgarh,2020-04-22,0,0.0
Chhattisgarh,2020-04-23,0,0.0
Chhattisgarh,2020-04-24,0,0.0
Chhattisgarh,2020-04-25,1,0.0
Chhattisgarh,2020-04-26,0,0.0
Chhattisgarh,2020-04-27,0,1.0
Chhattisgarh,2020-04-28,1,1.0
Chhattisgarh,2020-04-29,0,2.0
Chhattisgarh,2020-04-30,2,2.0
Chhattisgarh,2020-05-01,3,3.0
Chhattisgarh,2020-05-02,0,3.0
Chhattisgarh,2020-05-03,14,3.0
Chhattisgarh,2020-05-04,1,3.0
Chhattisgarh,2020-05-05,1,2.0
Chhattisgarh,2020-05-06,0,2.0
Chhattisgarh,2020-05-07,0,2.0
Chhattisgarh,2020-05-08,0,0.0
Dadra and Nagar Haveli,2020-03-14,0,0.0
Dadra and Nagar Haveli,2020-03-15,0,0.0
Dadra and Nagar Haveli,2020-03-16,0,0.0
Dadra and Nagar Haveli,2020-03-17,0,0.0
Dadra and Nagar Haveli,2020-03-18,0,0.0
Dadra and Nagar Haveli,2020-03-19,0,0.0
Dadra and Nagar Haveli,2020-03-20,0,0.0
Dadra and Nagar Haveli,2020-03-21,0,0.0
Dadra and Nagar Haveli,2020-03-22,0,0.0
Dadra and Nagar Haveli,2020-03-23,0,0.0
Dadra and Nagar Haveli,2020-03-24,0,0.0
Dadra and Nagar Haveli,2020-03-25,0,0.0
Dadra and Nagar Haveli,2020-03-26,0,0.0
Dadra and Nagar Haveli,2020-03-27,0,0.0
Dadra and Nagar Haveli,2020-03-28,0,0.0
Dadra and Nagar Haveli,2020-03-29,0,0.0
Dadra and Nagar Haveli,2020-03-30,0,0.0
Dadra and Nagar Haveli,2020-03-31,0,0.0
Dadra and Nagar Haveli,2020-04-01,0,0.0
Dadra and Nagar Haveli,2020-04-02,0,0.0
Dadra and Nagar Haveli,2020-04-03,0,0.0
Dadra and Nagar Haveli,2020-04-04,0,0.0
Dadra and Nagar Haveli,2020-04-05,0,0.0
Dadra and Nagar Haveli,2020-04-06,0,0.0
Dadra and Nagar Haveli,2020-04-07,0,0.0
Dadra and Nagar Haveli,2020-04-08,0,0.0
Dadra and Nagar Haveli,2020-04-09,0,0.0
Dadra and Nagar Haveli,2020-04-10,0,0.0
Dadra and Nagar Haveli,2020-04-11,0,0.0
Dadra and Nagar Haveli,2020-04-12,0,0.0
Dadra and Nagar Haveli,2020-04-13,0,0.0
Dadra and Nagar Haveli,2020-04-14,0,0.0
Dadra and Nagar Haveli,2020-04-15,0,0.0
Dadra and Nagar Haveli,2020-04-16,0,0.0
Dadra and Nagar Haveli,2020-04-17,0,0.0
Dadra and Nagar Haveli,2020-04-18,0,0.0
Dadra and Nagar Haveli,2020-04-19,0,0.0
Dadra and Nagar Haveli,2020-04-20,0,0.0
Dadra and Nagar Haveli,2020-04-21,0,0.0
Dadra and Nagar Haveli,2020-04-22,0,0.0
Dadra and Nagar Haveli,2020-04-23,0,0.0
Dadra and Nagar Haveli,2020-04-24,0,0.0
Dadra and Nagar Haveli,2020-04-25,0,0.0
Dadra and Nagar Haveli,2020-04-26,0,0.0
Dadra and Nagar Haveli,2020-04-27,0,0.0
Dadra and Nagar Haveli,2020-04-28,0,0.0
Dadra and Nagar Haveli,2020-04-29,0,0.0
Dadra and Nagar Haveli,2020-04-30,0,0.0
Dadra and Nagar Haveli,2020-05-01,0,0.0
Dadra and Nagar Haveli,2020-05-02,0,0.0
Dadra and Nagar Haveli,2020-05-03,0,0.0
Dadra and Nagar Haveli,2020-05-04,0,0.0
Dadra and Nagar Haveli,2020-05-05,1,0.0
Dadra and Nagar Haveli,2020-05-06,0,0.0
Dadra and Nagar Haveli,2020-05-07,0,0.0
Dadra and Nagar Haveli,2020-05-08,0,0.0
Daman and Diu,2020-03-14,0,0.0
Daman and Diu,2020-03-15,0,0.0
Daman and Diu,2020-03-16,0,0.0
Daman and Diu,2020-03-17,0,0.0
Daman and Diu,2020-03-18,0,0.0
Daman and Diu,2020-03-19,0,0.0
Daman and Diu,2020-03-20,0,0.0
Daman and Diu,2020-03-21,0,0.0
Daman and Diu,2020-03-22,0,0.0
Daman and Diu,2020-03-23,0,0.0
Daman and Diu,2020-03-24,0,0.0
Daman and Diu,2020-03-25,0,0.0
Daman and Diu,2020-03-26,0,0.0
Daman and Diu,2020-03-27,0,0.0
Daman and Diu,2020-03-28,0,0.0
Daman and Diu,2020-03-29,0,0.0
Daman and Diu,2020-03-30,0,0.0
Daman and Diu,2020-03-31,0,0.0
Daman and Diu,2020-04-01,0,0.0
Daman and Diu,2020-04-02,0,0.0
Daman and Diu,2020-04-03,0,0.0
Daman and Diu,2020-04-04,0,0.0
Daman and Diu,2020-04-05,0,0.0
Daman and Diu,2020-04-06,0,0.0
Daman and Diu,2020-04-07,0,0.0
Daman and Diu,2020-04-08,0,0.0
Daman and Diu,2020-04-09,0,0.0
Daman and Diu,2020-04-10,0,0.0
Daman and Diu,2020-04-11,0,0.0
Daman and Diu,2020-04-12,0,0.0
Daman and Diu,2020-04-13,0,0.0
Daman and Diu,2020-04-14,0,0.0
Daman and Diu,2020-04-15,0,0.0
Daman and Diu,2020-04-16,0,0.0
Daman and Diu,2020-04-17,0,0.0
Daman and Diu,2020-04-18,0,0.0
Daman and Diu,2020-04-19,0,0.0
Daman and Diu,2020-04-20,0,0.0
Daman and Diu,2020-04-21,0,0.0
Daman and Diu,2020-04-22,0,0.0
Daman and Diu,2020-04-23,0,0.0
Daman and Diu,2020-04-24,0,0.0
Daman and Diu,2020-04-25,0,0.0
Daman and Diu,2020-04-26,0,0.0
Daman and Diu,2020-04-27,0,0.0
Daman and Diu,2020-04-28,0,0.0
Daman and Diu,2020-04-29,0,0.0
Daman and Diu,2020-04-30,0,0.0
Daman and Diu,2020-05-01,0,0.0
Daman and Diu,2020-05-02,0,0.0
Daman and Diu,2020-05-03,0,0.0
Daman and Diu,2020-05-04,0,0.0
Daman and Diu,2020-05-05,0,0.0
Daman and Diu,2020-05-06,0,0.0
Daman and Diu,2020-05-07,0,0.0
Daman and Diu,2020-05-08,0,0.0
Delhi,2020-03-14,7,2.0
Delhi,2020-03-15,0,2.0
Delhi,2020-03-16,0,2.0
Delhi,2020-03-17,1,3.0
Delhi,2020-03-18,2,3.0
Delhi,2020-03-19,4,3.0
Delhi,2020-03-20,6,3.0
Delhi,2020-03-21,7,3.0
Delhi,2020-03-22,0,3.0
Delhi,2020-03-23,3,3.0
Delhi,2020-03-24,0,3.0
Delhi,2020-03-25,5,4.0
Delhi,2020-03-26,1,7.0
Delhi,2020-03-27,4,9.0
Delhi,2020-03-28,9,13.0
Delhi,2020-03-29,23,24.0
Delhi,2020-03-30,25,35.0
Delhi,2020-03-31,23,45.0
Delhi,2020-04-01,32,55.0
Delhi,2020-04-02,141,60.0
Delhi,2020-04-03,93,63.0
Delhi,2020-04-04,59,66.0
Delhi,2020-04-05,58,65.0
Delhi,2020-04-06,22,72.0
Delhi,2020-04-07,51,77.0
Delhi,2020-04-08,93,84.0
Delhi,2020-04-09,51,110.0
Delhi,2020-04-10,183,124.0
Delhi,2020-04-11,166,132.0
Delhi,2020-04-12,85,133.0
Delhi,2020-04-13,356,127.0
Delhi,2020-04-14,51,125.0
Delhi,2020-04-15,17,113.0
Delhi,2020-04-16,62,104.0
Delhi,2020-04-17,67,101.0
Delhi,2020-04-18,186,89.0
Delhi,2020-04-19,110,96.0
Delhi,2020-04-20,78,104.0
Delhi,2020-04-21,75,107.0
Delhi,2020-04-22,92,121.0
Delhi,2020-04-23,128,129.0
Delhi,2020-04-24,138,145.0
Delhi,2020-04-25,111,159.0
Delhi,2020-04-26,293,165.0
Delhi,2020-04-27,190,172.0
Delhi,2020-04-28,206,186.0
Delhi,2020-04-29,125,207.0
Delhi,2020-04-30,76,232.0
Delhi,2020-05-01,223,245.0
Delhi,2020-05-02,384,276.0
Delhi,2020-05-03,427,307.0
Delhi,2020-05-04,349,333.0
Delhi,2020-05-05,206,355.0
Delhi,2020-05-06,428,365.0
Delhi,2020-05-07,448,366.0
Delhi,2020-05-08,338,365.0
Goa,2020-03-14,0,0.0
Goa,2020-03-15,0,0.0
Goa,2020-03-16,0,0.0
Goa,2020-03-17,0,0.0
Goa,2020-03-18,0,0.0
Goa,2020-03-19,0,0.0
Goa,2020-03-20,0,0.0
Goa,2020-03-21,0,0.0
Goa,2020-03-22,0,0.0
Goa,2020-03-23,0,0.0
Goa,2020-03-24,0,0.0
Goa,2020-03-25,3,1.0
Goa,2020-03-26,0,1.0
Goa,2020-03-27,0,1.0
Goa,2020-03-28,0,1.0
Goa,2020-03-29,2,0.0
Goa,2020-03-30,0,0.0
Goa,2020-03-31,0,0.0
Goa,2020-04-01,0,0.0
Goa,2020-04-02,0,0.0
Goa,2020-04-03,1,0.0
Goa,2020-04-04,1,0.0
Goa,2020-04-05,0,0.0
Goa,2020-04-06,0,0.0
Goa,2020-04-07,0,0.0
Goa,2020-04-08,0,0.0
Goa,2020-04-09,0,0.0
Goa,2020-04-10,0,0.0
Goa,2020-04-11,0,0.0
Goa,2020-04-12,0,0.0
Goa,2020-04-13,0,0.0
Goa,2020-04-14,0,0.0
Goa,2020-04-15,0,0.0
Goa,2020-04-16,0,0.0
Goa,2020-04-17,0,0.0
Goa,2020-04-18,0,0.0
Goa,2020-04-19,0,0.0
Goa,2020-04-20,0,0.0
Goa,2020-04-21,0,0.0
Goa,2020-04-22,0,0.0
Goa,2020-04-23,0,0.0
Goa,2020-04-24,0,0.0
Goa,2020-04-25,0,0.0
Goa,2020-04-26,0,0.0
Goa,2020-04-27,0,0.0
Goa,2020-04-28,0,0.0
Goa,2020-04-29,0,0.0
Goa,2020-04-30,0,0.0
Goa,2020-05-01,0,0.0
Goa,2020-05-02,0,0.0
Goa,2020-05-03,0,0.0
Goa,2020-05-04,0,0.0
Goa,2020-05-05,0,0.0
Goa,2020-05-06,0,0.0
Goa,2020-05-07,0,0.0
Goa,2020-05-08,0,0.0
Gujarat,2020-03-14,0,0.0
Gujarat,2020-03-15,0,0.0
Gujarat,2020-03-16,0,1.0
Gujarat,2020-03-17,0,1.0
Gujarat,2020-03-18,0,2.0
Gujarat,2020-03-19,2,3.0
Gujarat,2020-03-20,5,4.0
Gujarat,2020-03-21,7,5.0
Gujarat,2020-03-22,4,5.0
Gujarat,2020-03-23,12,6.0
Gujarat,2020-03-24,4,6.0
Gujarat,2020-03-25,4,6.0
Gujarat,2020-03-26,5,6.0
Gujarat,2020-03-27,4,6.0
Gujarat,2020-03-28,8,6.0
Gujarat,2020-03-29,8,6.0
Gujarat,2020-03-30,7,7.0
Gujarat,2020-03-31,4,7.0
Gujarat,2020-04-01,13,8.0
Gujarat,2020-04-02,1,9.0
Gujarat,2020-04-03,7,11.0
Gujarat,2020-04-04,13,13.0
Gujarat,2020-04-05,20,19.0
Gujarat,2020-04-06,18,28.0
Gujarat,2020-04-07,29,39.0
Gujarat,2020-04-08,11,47.0
Gujarat,2020-04-09,76,56.0
Gujarat,2020-04-10,116,63.0
Gujarat,2020-04-11,90,71.0
Gujarat,2020-04-12,48,81.0
Gujarat,2020-04-13,56,94.0
Gujarat,2020-04-14,78,112.0
Gujarat,2020-04-15,116,139.0
Gujarat,2020-04-16,163,165.0
Gujarat,2020-04-17,170,193.0
Gujarat,2020-04-18,277,217.0
Gujarat,2020-04-19,367,232.0
Gujarat,2020-04-20,196,238.0
Gujarat,2020-04-21,239,240.0
Gujarat,2020-04-22,229,238.0
Gujarat,2020-04-23,217,233.0
Gujarat,2020-04-24,191,226.0
Gujarat,2020-04-25,256,234.0
Gujarat,2020-04-26,230,242.0
Gujarat,2020-04-27,247,254.0
Gujarat,2020-04-28,226,269.0
Gujarat,2020-04-29,308,288.0
Gujarat,2020-04-30,313,304.0
Gujarat,2020-05-01,326,326.0
Gujarat,2020-05-02,333,345.0
Gujarat,2020-05-03,374,362.0
Gujarat,2020-05-04,376,374.0
Gujarat,2020-05-05,441,382.0
Gujarat,2020-05-06,380,389.0
Gujarat,2020-05-07,388,393.0
Gujarat,2020-05-08,390,394.0
Haryana,2020-03-14,14,4.0
Haryana,2020-03-15,0,3.0
Haryana,2020-03-16,0,3.0
Haryana,2020-03-17,1,2.0
Haryana,2020-03-18,1,2.0
Haryana,2020-03-19,1,1.0
Haryana,2020-03-20,2,2.0
Haryana,2020-03-21,2,2.0
Haryana,2020-03-22,0,2.0
Haryana,2020-03-23,7,2.0
Haryana,2020-03-24,2,2.0
Haryana,2020-03-25,1,2.0
Haryana,2020-03-26,1,2.0
Haryana,2020-03-27,1,2.0
Haryana,2020-03-28,2,2.0
Haryana,2020-03-29,0,2.0
Haryana,2020-03-30,1,3.0
Haryana,2020-03-31,7,5.0
Haryana,2020-04-01,0,6.0
Haryana,2020-04-02,6,8.0
Haryana,2020-04-03,9,11.0
Haryana,2020-04-04,26,14.0
Haryana,2020-04-05,6,16.0
Haryana,2020-04-06,20,17.0
Haryana,2020-04-07,33,16.0
Haryana,2020-04-08,24,16.0
Haryana,2020-04-09,3,13.0
Haryana,2020-04-10,6,11.0
Haryana,2020-04-11,3,9.0
Haryana,2020-04-12,16,7.0
Haryana,2020-04-13,1,6.0
Haryana,2020-04-14,2,7.0
Haryana,2020-04-15,6,8.0
Haryana,2020-04-16,11,8.0
Haryana,2020-04-17,8,8.0
Haryana,2020-04-18,9,8.0
Haryana,2020-04-19,18,8.0
Haryana,2020-04-20,1,8.0
Haryana,2020-04-21,4,8.0
Haryana,2020-04-22,9,7.0
Haryana,2020-04-23,6,7.0
Haryana,2020-04-24,5,7.0
Haryana,2020-04-25,12,7.0
Haryana,2020-04-26,9,8.0
Haryana,2020-04-27,5,10.0
Haryana,2020-04-28,7,11.0
Haryana,2020-04-29,3,16.0
Haryana,2020-04-30,28,22.0
Haryana,2020-05-01,18,28.0
Haryana,2020-05-02,19,34.0
Haryana,2020-05-03,66,39.0
Haryana,2020-05-04,75,41.0
Haryana,2020-05-05,31,42.0
Haryana,2020-05-06,46,42.0
Haryana,2020-05-07,31,41.0
Haryana,2020-05-08,22,37.0
Himachal Pradesh,2020-03-14,0,0.0
Himachal Pradesh,2020-03-15,0,0.0
Himachal Pradesh,2020-03-16,0,0.0
Himachal Pradesh,2020-03-17,0,0.0
Himachal Pradesh,2020-03-18,0,0.0
Himachal Pradesh,2020-03-19,0,0.0
Himachal Pradesh,2020-03-20,2,0.0
Himachal Pradesh,2020-03-21,0,0.0
Himachal Pradesh,2020-03-22,0,0.0
Himachal Pradesh,2020-03-23,1,0.0
Himachal Pradesh,2020-03-24,0,0.0
Himachal Pradesh,2020-03-25,0,0.0
Himachal Pradesh,2020-03-26,0,0.0
Himachal Pradesh,2020-03-27,0,0.0
Himachal Pradesh,2020-03-28,0,0.0
Himachal Pradesh,2020-03-29,0,0.0
Himachal Pradesh,2020-03-30,0,0.0
Himachal Pradesh,2020-03-31,0,1.0
Himachal Pradesh,2020-04-01,0,1.0
Himachal Pradesh,2020-04-02,3,2.0
Himachal Pradesh,2020-04-03,0,3.0
Himachal Pradesh,2020-04-04,7,3.0
Himachal Pradesh,2020-04-05,1,3.0
Himachal Pradesh,2020-04-06,4,3.0
Himachal Pradesh,2020-04-07,9,3.0
Himachal Pradesh,2020-04-08,0,3.0
Himachal Pradesh,2020-04-09,1,2.0
Himachal Pradesh,2020-04-10,0,2.0
Himachal Pradesh,2020-04-11,4,2.0
Himachal Pradesh,2020-04-12,0,1.0
Himachal Pradesh,2020-04-13,0,1.0
Himachal Pradesh,2020-04-14,1,1.0
Himachal Pradesh,2020-04-15,2,1.0
Himachal Pradesh,2020-04-16,0,1.0
Himachal Pradesh,2020-04-17,3,1.0
Himachal Pradesh,2020-04-18,1,1.0
Himachal Pradesh,2020-04-19,0,1.0
Himachal Pradesh,2020-04-20,0,0.0
Himachal Pradesh,2020-04-21,0,0.0
Himachal Pradesh,2020-04-22,0,0.0
Himachal Pradesh,2020-04-23,1,0.0
Himachal Pradesh,2020-04-24,0,0.0
Himachal Pradesh,2020-04-25,0,0.0
Himachal Pradesh,2020-04-26,0,0.0
Himachal Pradesh,2020-04-27,0,0.0
Himachal Pradesh,2020-04-28,0,0.0
Himachal Pradesh,2020-04-29,0,0.0
Himachal Pradesh,2020-04-30,0,0.0
Himachal Pradesh,2020-05-01,0,0.0
Himachal Pradesh,2020-05-02,0,0.0
Himachal Pradesh,2020-05-03,0,1.0
Himachal Pradesh,2020-05-04,1,1.0
Himachal Pradesh,2020-05-05,1,1.0
Himachal Pradesh,2020-05-06,1,2.0
Himachal Pradesh,2020-05-07,3,2.0
Himachal Pradesh,2020-05-08,4,2.0
India,2020-03-14,81,37.0
India,2020-03-15,27,34.0
India,2020-03-16,15,34.0
India,2020-03-17,11,36.0
India,2020-03-18,37,39.0
India,2020-03-19,27,45.0
India,2020-03-20,58,52.0
India,2020-03-21,78,62.0
India,2020-03-22,67,69.0
India,2020-03-23,102,79.0
India,2020-03-24,64,89.0
India,2020-03-25,90,96.0
India,2020-03-26,65,108.0
India,2020-03-27,164,129.0
India,2020-03-28,143,160.0
India,2020-03-29,110,204.0
India,2020-03-30,187,259.0
India,2020-03-31,309,321.0
India,2020-04-01,424,383.0
India,2020-04-02,486,437.0
India,2020-04-03,560,488.0
India,2020-04-04,579,525.0
India,2020-04-05,609,562.0
India,2020-04-06,484,599.0
India,2020-04-07,572,638.0
India,2020-04-08,565,674.0
India,2020-04-09,813,739.0
India,2020-04-10,871,801.0
India,2020-04-11,854,859.0
India,2020-04-12,758,913.0
India,2020-04-13,1243,952.0
India,2020-04-14,1031,996.0
India,2020-04-15,886,1055.0
India,2020-04-16,1061,1107.0
India,2020-04-17,922,1182.0
India,2020-04-18,1371,1226.0
India,2020-04-19,1580,1301.0
India,2020-04-20,1239,1364.0
India,2020-04-21,1537,1432.0
India,2020-04-22,1292,1492.0
India,2020-04-23,1667,1523.0
India,2020-04-24,1408,1565.0
India,2020-04-25,1835,1616.0
India,2020-04-26,1607,1653.0
India,2020-04-27,1568,1737.0
India,2020-04-28,1902,1827.0
India,2020-04-29,1705,1973.0
India,2020-04-30,1801,2169.0
India,2020-05-01,2396,2373.0
India,2020-05-02,2564,2618.0
India,2020-05-03,2952,2832.0
India,2020-05-04,3656,3032.0
India,2020-05-05,2971,3179.0
India,2020-05-06,3602,3271.0
India,2020-05-07,3344,3338.0
India,2020-05-08,3344,3373.0
Jammu and Kashmir,2020-03-14,2,1.0
Jammu and Kashmir,2020-03-15,0,1.0
Jammu and Kashmir,2020-03-16,1,1.0
Jammu and Kashmir,2020-03-17,0,1.0
Jammu and Kashmir,2020-03-18,1,0.0
Jammu and Kashmir,2020-03-19,0,0.0
Jammu and Kashmir,2020-03-20,0,0.0
Jammu and Kashmir,2020-03-21,0,1.0
Jammu and Kashmir,2020-03-22,0,1.0
Jammu and Kashmir,2020-03-23,0,2.0
Jammu and Kashmir,2020-03-24,2,3.0
Jammu and Kashmir,2020-03-25,5,4.0
Jammu and Kashmir,2020-03-26,3,5.0
Jammu and Kashmir,2020-03-27,6,6.0
Jammu and Kashmir,2020-03-28,13,7.0
Jammu and Kashmir,2020-03-29,5,7.0
Jammu and Kashmir,2020-03-30,11,8.0
Jammu and Kashmir,2020-03-31,6,8.0
Jammu and Kashmir,2020-04-01,7,9.0
Jammu and Kashmir,2020-04-02,8,9.0
Jammu and Kashmir,2020-04-03,5,10.0
Jammu and Kashmir,2020-04-04,17,11.0
Jammu and Kashmir,2020-04-05,14,14.0
Jammu and Kashmir,2020-04-06,3,16.0
Jammu and Kashmir,2020-04-07,16,18.0
Jammu and Kashmir,2020-04-08,33,20.0
Jammu and Kashmir,2020-04-09,26,21.0
Jammu and Kashmir,2020-04-10,23,21.0
Jammu and Kashmir,2020-04-11,17,21.0
Jammu and Kashmir,2020-04-12,21,21.0
Jammu and Kashmir,2020-04-13,25,19.0
Jammu and Kashmir,2020-04-14,8,17.0
Jammu and Kashmir,2020-04-15,22,16.0
Jammu and Kashmir,2020-04-16,14,16.0
Jammu and Kashmir,2020-04-17,14,15.0
Jammu and Kashmir,2020-04-18,13,15.0
Jammu and Kashmir,2020-04-19,13,16.0
Jammu and Kashmir,2020-04-20,14,17.0
Jammu and Kashmir,2020-04-21,12,19.0
Jammu and Kashmir,2020-04-22,27,22.0
Jammu and Kashmir,2020-04-23,27,24.0
Jammu and Kashmir,2020-04-24,20,25.0
Jammu and Kashmir,2020-04-25,40,25.0
Jammu and Kashmir,2020-04-26,29,26.0
Jammu and Kashmir,2020-04-27,23,26.0
Jammu and Kashmir,2020-04-28,19,25.0
Jammu and Kashmir,2020-04-29,16,26.0
Jammu and Kashmir,2020-04-30,33,25.0
Jammu and Kashmir,2020-05-01,25,25.0
Jammu and Kashmir,2020-05-02,27,26.0
Jammu and Kashmir,2020-05-03,35,26.0
Jammu and Kashmir,2020-05-04,25,27.0
Jammu and Kashmir,2020-05-05,15,26.0
Jammu and Kashmir,2020-05-06,34,26.0
Jammu and Kashmir,2020-05-07,18,25.0
Jammu and Kashmir,2020-05-08,30,25.0
Jharkhand,2020-03-14,0,0.0
Jharkhand,2020-03-15,0,0.0
Jharkhand,2020-03-16,0,0.0
Jharkhand,2020-03-17,0,0.0
Jharkhand,2020-03-18,0,0.0
Jharkhand,2020-03-19,0,0.0
Jharkhand,2020-03-20,0,0.0
Jharkhand,2020-03-21,0,0.0
Jharkhand,2020-03-22,0,0.0
Jharkhand,2020-03-23,0,0.0
Jharkhand,2020-03-24,0,0.0
Jharkhand,2020-03-25,0,0.0
Jharkhand,2020-03-26,0,0.0
Jharkhand,2020-03-27,0,0.0
Jharkhand,2020-03-28,0,0.0
Jharkhand,2020-03-29,0,0.0
Jharkhand,2020-03-30,0,0.0
Jharkhand,2020-03-31,1,0.0
Jharkhand,2020-04-01,0,0.0
Jharkhand,2020-04-02,1,0.0
Jharkhand,2020-04-03,0,0.0
Jharkhand,2020-04-04,0,0.0
Jharkhand,2020-04-05,1,1.0
Jharkhand,2020-04-06,1,1.0
Jharkhand,2020-04-07,0,2.0
Jharkhand,2020-04-08,0,2.0
Jharkhand,2020-04-09,9,3.0
Jharkhand,2020-04-10,1,3.0
Jharkhand,2020-04-11,3,3.0
Jharkhand,2020-04-12,2,3.0
Jharkhand,2020-04-13,5,3.0
Jharkhand,2020-04-14,3,2.0
Jharkhand,2020-04-15,1,3.0
Jharkhand,2020-04-16,1,3.0
Jharkhand,2020-04-17,3,3.0
Jharkhand,2020-04-18,1,3.0
Jharkhand,2020-04-19,8,3.0
Jharkhand,2020-04-20,5,3.0
Jharkhand,2020-04-21,0,4.0
Jharkhand,2020-04-22,0,5.0
Jharkhand,2020-04-23,7,7.0
Jharkhand,2020-04-24,6,7.0
Jharkhand,2020-04-25,8,8.0
Jharkhand,2020-04-26,15,9.0
Jharkhand,2020-04-27,21,8.0
Jharkhand,2020-04-28,2,7.0
Jharkhand,2020-04-29,2,6.0
Jharkhand,2020-04-30,3,5.0
Jharkhand,2020-05-01,3,4.0
Jharkhand,2020-05-02,2,2.0
Jharkhand,2020-05-03,0,3.0
Jharkhand,2020-05-04,0,4.0
Jharkhand,2020-05-05,10,5.0
Jharkhand,2020-05-06,2,6.0
Jharkhand,2020-05-07,5,8.0
Jharkhand,2020-05-08,22,9.0
Karnataka,2020-03-14,6,3.0
Karnataka,2020-03-15,0,2.0
Karnataka,2020-03-16,1,2.0
Karnataka,2020-03-17,2,2.0
Karnataka,2020-03-18,5,3.0
Karnataka,2020-03-19,1,3.0
Karnataka,2020-03-20,0,4.0
Karnataka,2020-03-21,5,5.0
Karnataka,2020-03-22,6,5.0
Karnataka,2020-03-23,7,6.0
Karnataka,2020-03-24,8,7.0
Karnataka,2020-03-25,10,8.0
Karnataka,2020-03-26,4,8.0
Karnataka,2020-03-27,9,8.0
Karnataka,2020-03-28,17,9.0
Karnataka,2020-03-29,2,9.0
Karnataka,2020-03-30,5,9.0
Karnataka,2020-03-31,13,10.0
Karnataka,2020-04-01,9,10.0
Karnataka,2020-04-02,14,10.0
Karnataka,2020-04-03,4,10.0
Karnataka,2020-04-04,16,10.0
Karnataka,2020-04-05,7,11.0
Karnataka,2020-04-06,12,11.0
Karnataka,2020-04-07,12,10.0
Karnataka,2020-04-08,6,11.0
Karnataka,2020-04-09,16,11.0
Karnataka,2020-04-10,10,12.0
Karnataka,2020-04-11,8,13.0
Karnataka,2020-04-12,17,15.0
Karnataka,2020-04-13,15,18.0
Karnataka,2020-04-14,13,20.0
Karnataka,2020-04-15,19,22.0
Karnataka,2020-04-16,36,23.0
Karnataka,2020-04-17,44,23.0
Karnataka,2020-04-18,25,22.0
Karnataka,2020-04-19,6,20.0
Karnataka,2020-04-20,18,19.0
Karnataka,2020-04-21,10,18.0
Karnataka,2020-04-22,9,16.0
Karnataka,2020-04-23,18,16.0
Karnataka,2020-04-24,29,16.0
Karnataka,2020-04-25,26,15.0
Karnataka,2020-04-26,3,16.0
Karnataka,2020-04-27,9,16.0
Karnataka,2020-04-28,11,16.0
Karnataka,2020-04-29,12,16.0
Karnataka,2020-04-30,30,17.0
Karnataka,2020-05-01,24,19.0
Karnataka,2020-05-02,12,21.0
Karnataka,2020-05-03,13,21.0
Karnataka,2020-05-04,37,23.0
Karnataka,2020-05-05,22,23.0
Karnataka,2020-05-06,20,24.0
Karnataka,2020-05-07,12,26.0
Karnataka,2020-05-08,48,28.0
Kerala,2020-03-14,19,7.0
Kerala,2020-03-15,5,6.0
Kerala,2020-03-16,3,5.0
Kerala,2020-03-17,0,5.0
Kerala,2020-03-18,0,6.0
Kerala,2020-03-19,1,7.0
Kerala,2020-03-20,12,9.0
Kerala,2020-03-21,12,11.0
Kerala,2020-03-22,15,13.0
Kerala,2020-03-23,28,16.0
Kerala,2020-03-24,14,18.0
Kerala,2020-03-25,9,18.0
Kerala,2020-03-26,19,20.0
Kerala,2020-03-27,39,20.0
Kerala,2020-03-28,6,20.0
Kerala,2020-03-29,20,20.0
Kerala,2020-03-30,32,20.0
Kerala,2020-03-31,7,19.0
Kerala,2020-04-01,24,17.0
Kerala,2020-04-02,21,16.0
Kerala,2020-04-03,9,14.0
Kerala,2020-04-04,11,12.0
Kerala,2020-04-05,8,12.0
Kerala,2020-04-06,13,11.0
Kerala,2020-04-07,9,10.0
Kerala,2020-04-08,9,9.0
Kerala,2020-04-09,12,9.0
Kerala,2020-04-10,7,8.0
Kerala,2020-04-11,10,7.0
Kerala,2020-04-12,2,6.0
Kerala,2020-04-13,3,5.0
Kerala,2020-04-14,8,5.0
Kerala,2020-04-15,1,4.0
Kerala,2020-04-16,7,4.0
Kerala,2020-04-17,1,5.0
Kerala,2020-04-18,4,6.0
Kerala,2020-04-19,2,7.0
Kerala,2020-04-20,6,7.0
Kerala,2020-04-21,19,8.0
Kerala,2020-04-22,11,9.0
Kerala,2020-04-23,10,9.0
Kerala,2020-04-24,3,9.0
Kerala,2020-04-25,7,9.0
Kerala,2020-04-26,11,8.0
Kerala,2020-04-27,13,7.0
Kerala,2020-04-28,4,7.0
Kerala,2020-04-29,10,6.0
Kerala,2020-04-30,2,4.0
Kerala,2020-05-01,0,3.0
Kerala,2020-05-02,2,2.0
Kerala,2020-05-03,0,1.0
Kerala,2020-05-04,0,1.0
Kerala,2020-05-05,3,1.0
Kerala,2020-05-06,0,1.0
Kerala,2020-05-07,0,1.0
Kerala,2020-05-08,1,1.0
Ladakh,2020-03-14,0,1.0
Ladakh,2020-03-15,0,1.0
Ladakh,2020-03-16,0,1.0
Ladakh,2020-03-17,0,2.0
Ladakh,2020-03-18,8,2.0
Ladakh,2020-03-19,0,2.0
Ladakh,2020-03-20,2,2.0
Ladakh,2020-03-21,3,1.0
Ladakh,2020-03-22,0,1.0
Ladakh,2020-03-23,0,1.0
Ladakh,2020-03-24,0,0.0
Ladakh,2020-03-25,0,0.0
Ladakh,2020-03-26,0,0.0
Ladakh,2020-03-27,0,0.0
Ladakh,2020-03-28,0,0.0
Ladakh,2020-03-29,0,0.0
Ladakh,2020-03-30,0,0.0
Ladakh,2020-03-31,0,0.0
Ladakh,2020-04-01,0,0.0
Ladakh,2020-04-02,0,0.0
Ladakh,2020-04-03,1,0.0
Ladakh,2020-04-04,0,0.0
Ladakh,2020-04-05,0,0.0
Ladakh,2020-04-06,0,0.0
Ladakh,2020-04-07,0,0.0
Ladakh,2020-04-08,0,0.0
Ladakh,2020-04-09,0,0.0
Ladakh,2020-04-10,1,0.0
Ladakh,2020-04-11,0,0.0
Ladakh,2020-04-12,0,1.0
Ladakh,2020-04-13,2,1.0
Ladakh,2020-04-14,0,0.0
Ladakh,2020-04-15,1,0.0
Ladakh,2020-04-16,0,0.0
Ladakh,2020-04-17,0,0.0
Ladakh,2020-04-18,0,0.0
Ladakh,2020-04-19,0,0.0
Ladakh,2020-04-20,0,0.0
Ladakh,2020-04-21,0,0.0
Ladakh,2020-04-22,0,0.0
Ladakh,2020-04-23,0,0.0
Ladakh,2020-04-24,0,0.0
Ladakh,2020-04-25,2,0.0
Ladakh,2020-04-26,0,1.0
Ladakh,2020-04-27,0,1.0
Ladakh,2020-04-28,2,1.0
Ladakh,2020-04-29,0,2.0
Ladakh,2020-04-30,0,2.0
Ladakh,2020-05-01,0,3.0
Ladakh,2020-05-02,1,3.0
Ladakh,2020-05-03,19,3.0
Ladakh,2020-05-04,0,3.0
Ladakh,2020-05-05,0,3.0
Ladakh,2020-05-06,0,2.0
Ladakh,2020-05-07,0,2.0
Ladakh,2020-05-08,0,0.0
Lakshadweep,2020-03-14,0,0.0
Lakshadweep,2020-03-15,0,0.0
Lakshadweep,2020-03-16,0,0.0
Lakshadweep,2020-03-17,0,0.0
Lakshadweep,2020-03-18,0,0.0
Lakshadweep,2020-03-19,0,0.0
Lakshadweep,2020-03-20,0,0.0
Lakshadweep,2020-03-21,0,0.0
Lakshadweep,2020-03-22,0,0.0
Lakshadweep,2020-03-23,0,0.0
Lakshadweep,2020-03-24,0,0.0
Lakshadweep,2020-03-25,0,0.0
Lakshadweep,2020-03-26,0,0.0
Lakshadweep,2020-03-27,0,0.0
Lakshadweep,2020-03-28,0,0.0
Lakshadweep,2020-03-29,0,0.0
Lakshadweep,2020-03-30,0,0.0
Lakshadweep,2020-03-31,0,0.0
Lakshadweep,2020-04-01,0,0.0
Lakshadweep,2020-04-02,0,0.0
Lakshadweep,2020-04-03,0,0.0
Lakshadweep,2020-04-04,0,0.0
Lakshadweep,2020-04-05,0,0.0
Lakshadweep,2020-04-06,0,0.0
Lakshadweep,2020-04-07,0,0.0
Lakshadweep,2020-04-08,0,0.0
Lakshadweep,2020-04-09,0,0.0
Lakshadweep,2020-04-10,0,0.0
Lakshadweep,2020-04-11,0,0.0
Lakshadweep,2020-04-12,0,0.0
Lakshadweep,2020-04-13,0,0.0
Lakshadweep,2020-04-14,0,0.0
Lakshadweep,2020-04-15,0,0.0
Lakshadweep,2020-04-16,0,0.0
Lakshadweep,2020-04-17,0,0.0
Lakshadweep,2020-04-18,0,0.0
Lakshadweep,2020-04-19,0,0.0
Lakshadweep,2020-04-20,0,0.0
Lakshadweep,2020-04-21,0,0.0
Lakshadweep,2020-04-22,0,0.0
Lakshadweep,2020-04-23,0,0.0
Lakshadweep,2020-04-24,0,0.0
Lakshadweep,2020-04-25,0,0.0
Lakshadweep,2020-04-26,0,0.0
Lakshadweep,2020-04-27,0,0.0
Lakshadweep,2020-04-28,0,0.0
Lakshadweep,2020-04-29,0,0.0
Lakshadweep,2020-04-30,0,0.0
Lakshadweep,2020-05-01,0,0.0
Lakshadweep,2020-05-02,0,0.0
Lakshadweep,2020-05-03,0,0.0
Lakshadweep,2020-05-04,0,0.0
Lakshadweep,2020-05-05,0,0.0
Lakshadweep,2020-05-06,0,0.0
Lakshadweep,2020-05-07,0,0.0
Lakshadweep,2020-05-08,0,0.0
Madhya Pradesh,2020-03-14,0,0.0
Madhya Pradesh,2020-03-15,0,0.0
Madhya Pradesh,2020-03-16,0,0.0
Madhya Pradesh,2020-03-17,0,0.0
Madhya Pradesh,2020-03-18,0,1.0
Madhya Pradesh,2020-03-19,0,1.0
Madhya Pradesh,2020-03-20,4,1.0
Madhya Pradesh,2020-03-21,0,1.0
Madhya Pradesh,2020-03-22,2,2.0
Madhya Pradesh,2020-03-23,0,3.0
Madhya Pradesh,2020-03-24,1,4.0
Madhya Pradesh,2020-03-25,8,4.0
Madhya Pradesh,2020-03-26,5,5.0
Madhya Pradesh,2020-03-27,9,7.0
Madhya Pradesh,2020-03-28,10,9.0
Madhya Pradesh,2020-03-29,0,11.0
Madhya Pradesh,2020-03-30,8,14.0
Madhya Pradesh,2020-03-31,19,17.0
Madhya Pradesh,2020-04-01,32,20.0
Madhya Pradesh,2020-04-02,9,24.0
Madhya Pradesh,2020-04-03,47,28.0
Madhya Pradesh,2020-04-04,25,32.0
Madhya Pradesh,2020-04-05,14,37.0
Madhya Pradesh,2020-04-06,63,40.0
Madhya Pradesh,2020-04-07,34,46.0
Madhya Pradesh,2020-04-08,51,48.0
Madhya Pradesh,2020-04-09,70,51.0
Madhya Pradesh,2020-04-10,40,58.0
Madhya Pradesh,2020-04-11,78,69.0
Madhya Pradesh,2020-04-12,33,87.0
Madhya Pradesh,2020-04-13,52,103.0
Madhya Pradesh,2020-04-14,127,116.0
Madhya Pradesh,2020-04-15,197,122.0
Madhya Pradesh,2020-04-16,226,123.0
Madhya Pradesh,2020-04-17,146,120.0
Madhya Pradesh,2020-04-18,92,108.0
Madhya Pradesh,2020-04-19,5,94.0
Madhya Pradesh,2020-04-20,78,85.0
Madhya Pradesh,2020-04-21,67,78.0
Madhya Pradesh,2020-04-22,35,83.0
Madhya Pradesh,2020-04-23,100,90.0
Madhya Pradesh,2020-04-24,159,107.0
Madhya Pradesh,2020-04-25,99,120.0
Madhya Pradesh,2020-04-26,145,126.0
Madhya Pradesh,2020-04-27,75,131.0
Madhya Pradesh,2020-04-28,222,128.0
Madhya Pradesh,2020-04-29,173,118.0
Madhya Pradesh,2020-04-30,65,112.0
Madhya Pradesh,2020-05-01,90,103.0
Madhya Pradesh,2020-05-02,73,98.0
Madhya Pradesh,2020-05-03,49,90.0
Madhya Pradesh,2020-05-04,105,87.0
Madhya Pradesh,2020-05-05,107,91.0
Madhya Pradesh,2020-05-06,89,93.0
Madhya Pradesh,2020-05-07,114,96.0
Madhya Pradesh,2020-05-08,89,100.0
Maharashtra,2020-03-14,14,10.0
Maharashtra,2020-03-15,18,9.0
Maharashtra,2020-03-16,6,8.0
Maharashtra,2020-03-17,3,7.0
Maharashtra,2020-03-18,3,7.0
Maharashtra,2020-03-19,4,8.0
Maharashtra,2020-03-20,4,8.0
Maharashtra,2020-03-21,12,10.0
Maharashtra,2020-03-22,10,10.0
Maharashtra,2020-03-23,23,13.0
Maharashtra,2020-03-24,10,15.0
Maharashtra,2020-03-25,15,16.0
Maharashtra,2020-03-26,3,17.0
Maharashtra,2020-03-27,31,23.0
Maharashtra,2020-03-28,30,26.0
Maharashtra,2020-03-29,17,33.0
Maharashtra,2020-03-30,17,40.0
Maharashtra,2020-03-31,82,53.0
Maharashtra,2020-04-01,33,64.0
Maharashtra,2020-04-02,88,76.0
Maharashtra,2020-04-03,64,91.0
Maharashtra,2020-04-04,148,103.0
Maharashtra,2020-04-05,112,118.0
Maharashtra,2020-04-06,121,135.0
Maharashtra,2020-04-07,150,148.0
Maharashtra,2020-04-08,117,164.0
Maharashtra,2020-04-09,229,185.0
Maharashtra,2020-04-10,210,210.0
Maharashtra,2020-04-11,187,230.0
Maharashtra,2020-04-12,221,249.0
Maharashtra,2020-04-13,352,256.0
Maharashtra,2020-04-14,346,263.0
Maharashtra,2020-04-15,236,283.0
Maharashtra,2020-04-16,285,305.0
Maharashtra,2020-04-17,120,336.0
Maharashtra,2020-04-18,327,362.0
Maharashtra,2020-04-19,552,412.0
Maharashtra,2020-04-20,466,450.0
Maharashtra,2020-04-21,552,503.0
Maharashtra,2020-04-22,431,539.0
Maharashtra,2020-04-23,778,557.0
Maharashtra,2020-04-24,390,572.0
Maharashtra,2020-04-25,811,584.0
Maharashtra,2020-04-26,440,589.0
Maharashtra,2020-04-27,522,625.0
Maharashtra,2020-04-28,728,642.0
Maharashtra,2020-04-29,597,677.0
Maharashtra,2020-04-30,583,746.0
Maharashtra,2020-05-01,1008,818.0
Maharashtra,2020-05-02,790,899.0
Maharashtra,2020-05-03,678,973.0
Maharashtra,2020-05-04,1567,1041.0
Maharashtra,2020-05-05,984,1096.0
Maharashtra,2020-05-06,1233,1121.0
Maharashtra,2020-05-07,1216,1153.0
Maharashtra,2020-05-08,1089,1187.0
Manipur,2020-03-14,0,0.0
Manipur,2020-03-15,0,0.0
Manipur,2020-03-16,0,0.0
Manipur,2020-03-17,0,0.0
Manipur,2020-03-18,0,0.0
Manipur,2020-03-19,0,0.0
Manipur,2020-03-20,0,0.0
Manipur,2020-03-21,0,0.0
Manipur,2020-03-22,0,0.0
Manipur,2020-03-23,0,0.0
Manipur,2020-03-24,1,0.0
Manipur,2020-03-25,0,0.0
Manipur,2020-03-26,0,0.0
Manipur,2020-03-27,0,0.0
Manipur,2020-03-28,0,0.0
Manipur,2020-03-29,0,0.0
Manipur,2020-03-30,0,0.0
Manipur,2020-03-31,0,0.0
Manipur,2020-04-01,0,0.0
Manipur,2020-04-02,1,0.0
Manipur,2020-04-03,0,0.0
Manipur,2020-04-04,0,0.0
Manipur,2020-04-05,0,0.0
Manipur,2020-04-06,0,0.0
Manipur,2020-04-07,0,0.0
Manipur,2020-04-08,0,0.0
Manipur,2020-04-09,0,0.0
Manipur,2020-04-10,0,0.0
Manipur,2020-04-11,0,0.0
Manipur,2020-04-12,0,0.0
Manipur,2020-04-13,0,0.0
Manipur,2020-04-14,0,0.0
Manipur,2020-04-15,0,0.0
Manipur,2020-04-16,0,0.0
Manipur,2020-04-17,0,0.0
Manipur,2020-04-18,0,0.0
Manipur,2020-04-19,0,0.0
Manipur,2020-04-20,0,0.0
Manipur,2020-04-21,0,0.0
Manipur,2020-04-22,0,0.0
Manipur,2020-04-23,0,0.0
Manipur,2020-04-24,0,0.0
Manipur,2020-04-25,0,0.0
Manipur,2020-04-26,0,0.0
Manipur,2020-04-27,0,0.0
Manipur,2020-04-28,0,0.0
Manipur,2020-04-29,0,0.0
Manipur,2020-04-30,0,0.0
Manipur,2020-05-01,0,0.0
Manipur,2020-05-02,0,0.0
Manipur,2020-05-03,0,0.0
Manipur,2020-05-04,0,0.0
Manipur,2020-05-05,0,0.0
Manipur,2020-05-06,0,0.0
Manipur,2020-05-07,0,0.0
Manipur,2020-05-08,0,0.0
Meghalaya,2020-03-14,0,0.0
Meghalaya,2020-03-15,0,0.0
Meghalaya,2020-03-16,0,0.0
Meghalaya,2020-03-17,0,0.0
Meghalaya,2020-03-18,0,0.0
Meghalaya,2020-03-19,0,0.0
Meghalaya,2020-03-20,0,0.0
Meghalaya,2020-03-21,0,0.0
Meghalaya,2020-03-22,0,0.0
Meghalaya,2020-03-23,0,0.0
Meghalaya,2020-03-24,0,0.0
Meghalaya,2020-03-25,0,0.0
Meghalaya,2020-03-26,0,0.0
Meghalaya,2020-03-27,0,0.0
Meghalaya,2020-03-28,0,0.0
Meghalaya,2020-03-29,0,0.0
Meghalaya,2020-03-30,0,0.0
Meghalaya,2020-03-31,0,0.0
Meghalaya,2020-04-01,0,0.0
Meghalaya,2020-04-02,0,0.0
Meghalaya,2020-04-03,0,0.0
Meghalaya,2020-04-04,0,0.0
Meghalaya,2020-04-05,0,0.0
Meghalaya,2020-04-06,0,0.0
Meghalaya,2020-04-07,0,0.0
Meghalaya,2020-04-08,0,0.0
Meghalaya,2020-04-09,0,0.0
Meghalaya,2020-04-10,0,0.0
Meghalaya,2020-04-11,0,1.0
Meghalaya,2020-04-12,0,1.0
Meghalaya,2020-04-13,1,1.0
Meghalaya,2020-04-14,0,1.0
Meghalaya,2020-04-15,6,2.0
Meghalaya,2020-04-16,2,2.0
Meghalaya,2020-04-17,0,1.0
Meghalaya,2020-04-18,2,1.0
Meghalaya,2020-04-19,0,1.0
Meghalaya,2020-04-20,0,1.0
Meghalaya,2020-04-21,1,0.0
Meghalaya,2020-04-22,0,0.0
Meghalaya,2020-04-23,0,0.0
Meghalaya,2020-04-24,0,0.0
Meghalaya,2020-04-25,0,0.0
Meghalaya,2020-04-26,0,0.0
Meghalaya,2020-04-27,0,0.0
Meghalaya,2020-04-28,0,0.0
Meghalaya,2020-04-29,0,0.0
Meghalaya,2020-04-30,0,0.0
Meghalaya,2020-05-01,0,0.0
Meghalaya,2020-05-02,0,0.0
Meghalaya,2020-05-03,0,0.0
Meghalaya,2020-05-04,0,0.0
Meghalaya,2020-05-05,0,0.0
Meghalaya,2020-05-06,0,0.0
Meghalaya,2020-05-07,0,0.0
Meghalaya,2020-05-08,0,0.0
Mizoram,2020-03-14,0,0.0
Mizoram,2020-03-15,0,0.0
Mizoram,2020-03-16,0,0.0
Mizoram,2020-03-17,0,0.0
Mizoram,2020-03-18,0,0.0
Mizoram,2020-03-19,0,0.0
Mizoram,2020-03-20,0,0.0
Mizoram,2020-03-21,0,0.0
Mizoram,2020-03-22,0,0.0
Mizoram,2020-03-23,0,0.0
Mizoram,2020-03-24,0,0.0
Mizoram,2020-03-25,1,0.0
Mizoram,2020-03-26,0,0.0
Mizoram,2020-03-27,0,0.0
Mizoram,2020-03-28,0,0.0
Mizoram,2020-03-29,0,0.0
Mizoram,2020-03-30,0,0.0
Mizoram,2020-03-31,0,0.0
Mizoram,2020-04-01,0,0.0
Mizoram,2020-04-02,0,0.0
Mizoram,2020-04-03,0,0.0
Mizoram,2020-04-04,0,0.0
Mizoram,2020-04-05,0,0.0
Mizoram,2020-04-06,0,0.0
Mizoram,2020-04-07,0,0.0
Mizoram,2020-04-08,0,0.0
Mizoram,2020-04-09,0,0.0
Mizoram,2020-04-10,0,0.0
Mizoram,2020-04-11,0,0.0
Mizoram,2020-04-12,0,0.0
Mizoram,2020-04-13,0,0.0
Mizoram,2020-04-14,0,0.0
Mizoram,2020-04-15,0,0.0
Mizoram,2020-04-16,0,0.0
Mizoram,2020-04-17,0,0.0
Mizoram,2020-04-18,0,0.0
Mizoram,2020-04-19,0,0.0
Mizoram,2020-04-20,0,0.0
Mizoram,2020-04-21,0,0.0
Mizoram,2020-04-22,0,0.0
Mizoram,2020-04-23,0,0.0
Mizoram,2020-04-24,0,0.0
Mizoram,2020-04-25,0,0.0
Mizoram,2020-04-26,0,0.0
Mizoram,2020-04-27,0,0.0
Mizoram,2020-04-28,0,0.0
Mizoram,2020-04-29,0,0.0
Mizoram,2020-04-30,0,0.0
Mizoram,2020-05-01,0,0.0
Mizoram,2020-05-02,0,0.0
Mizoram,2020-05-03,0,0.0
Mizoram,2020-05-04,0,0.0
Mizoram,2020-05-05,0,0.0
Mizoram,2020-05-06,0,0.0
Mizoram,2020-05-07,0,0.0
Mizoram,2020-05-08,0,0.0
Nagaland,2020-03-14,0,0.0
Nagaland,2020-03-15,0,0.0
Nagaland,2020-03-16,0,0.0
Nagaland,2020-03-17,0,0.0
Nagaland,2020-03-18,0,0.0
Nagaland,2020-03-19,0,0.0
Nagaland,2020-03-20,0,0.0
Nagaland,2020-03-21,0,0.0
Nagaland,2020-03-22,0,0.0
Nagaland,2020-03-23,0,0.0
Nagaland,2020-03-24,0,0.0
Nagaland,2020-03-25,0,0.0
Nagaland,2020-03-26,0,0.0
Nagaland,2020-03-27,0,0.0
Nagaland,2020-03-28,0,0.0
Nagaland,2020-03-29,0,0.0
Nagaland,2020-03-30,0,0.0
Nagaland,2020-03-31,0,0.0
Nagaland,2020-04-01,0,0.0
Nagaland,2020-04-02,0,0.0
Nagaland,2020-04-03,0,0.0
Nagaland,2020-04-04,0,0.0
Nagaland,2020-04-05,0,0.0
Nagaland,2020-04-06,0,0.0
Nagaland,2020-04-07,0,0.0
Nagaland,2020-04-08,0,0.0
Nagaland,2020-04-09,0,0.0
Nagaland,2020-04-10,0,0.0
Nagaland,2020-04-11,0,0.0
Nagaland,2020-04-12,0,0.0
Nagaland,2020-04-13,0,0.0
Nagaland,2020-04-14,0,0.0
Nagaland,2020-04-15,0,0.0
Nagaland,2020-04-16,0,0.0
Nagaland,2020-04-17,0,0.0
Nagaland,2020-04-18,0,0.0
Nagaland,2020-04-19,0,0.0
Nagaland,2020-04-20,0,0.0
Nagaland,2020-04-21,0,0.0
Nagaland,2020-04-22,0,0.0
Nagaland,2020-04-23,0,0.0
Nagaland,2020-04-24,0,0.0
Nagaland,2020-04-25,0,0.0
Nagaland,2020-04-26,0,0.0
Nagaland,2020-04-27,0,0.0
Nagaland,2020-04-28,0,0.0
Nagaland,2020-04-29,0,0.0
Nagaland,2020-04-30,0,0.0
Nagaland,2020-05-01,0,0.0
Nagaland,2020-05-02,0,0.0
Nagaland,2020-05-03,0,0.0
Nagaland,2020-05-04,0,0.0
Nagaland,2020-05-05,0,0.0
Nagaland,2020-05-06,0,0.0
Nagaland,2020-05-07,0,0.0
Nagaland,2020-05-08,0,0.0
Odisha,2020-03-14,0,0.0
Odisha,2020-03-15,0,0.0
Odisha,2020-03-16,1,0.0
Odisha,2020-03-17,0,0.0
Odisha,2020-03-18,1,0.0
Odisha,2020-03-19,0,0.0
Odisha,2020-03-20,0,0.0
Odisha,2020-03-21,0,0.0
Odisha,2020-03-22,0,0.0
Odisha,2020-03-23,0,0.0
Odisha,2020-03-24,0,0.0
Odisha,2020-03-25,0,0.0
Odisha,2020-03-26,1,0.0
Odisha,2020-03-27,0,0.0
Odisha,2020-03-28,0,0.0
Odisha,2020-03-29,0,0.0
Odisha,2020-03-30,0,1.0
Odisha,2020-03-31,1,2.0
Odisha,2020-04-01,1,3.0
Odisha,2020-04-02,0,4.0
Odisha,2020-04-03,15,5.0
Odisha,2020-04-04,1,5.0
Odisha,2020-04-05,18,6.0
Odisha,2020-04-06,1,5.0
Odisha,2020-04-07,2,5.0
Odisha,2020-04-08,0,4.0
Odisha,2020-04-09,6,3.0
Odisha,2020-04-10,2,2.0
Odisha,2020-04-11,4,2.0
Odisha,2020-04-12,0,2.0
Odisha,2020-04-13,1,2.0
Odisha,2020-04-14,5,1.0
Odisha,2020-04-15,0,1.0
Odisha,2020-04-16,0,2.0
Odisha,2020-04-17,0,2.0
Odisha,2020-04-18,1,3.0
Odisha,2020-04-19,0,3.0
Odisha,2020-04-20,13,4.0
Odisha,2020-04-21,5,5.0
Odisha,2020-04-22,4,5.0
Odisha,2020-04-23,6,6.0
Odisha,2020-04-24,5,6.0
Odisha,2020-04-25,6,6.0
Odisha,2020-04-26,3,7.0
Odisha,2020-04-27,15,8.0
Odisha,2020-04-28,0,8.0
Odisha,2020-04-29,7,8.0
Odisha,2020-04-30,18,8.0
Odisha,2020-05-01,11,8.0
Odisha,2020-05-02,6,9.0
Odisha,2020-05-03,2,10.0
Odisha,2020-05-04,7,13.0
Odisha,2020-05-05,8,15.0
Odisha,2020-05-06,28,18.0
Odisha,2020-05-07,14,21.0
Odisha,2020-05-08,51,25.0
Puducherry,2020-03-14,0,0.0
Puducherry,2020-03-15,0,0.0
Puducherry,2020-03-16,1,0.0
Puducherry,2020-03-17,0,0.0
Puducherry,2020-03-18,0,0.0
Puducherry,2020-03-19,0,0.0
Puducherry,2020-03-20,0,0.0
Puducherry,2020-03-21,0,0.0
Puducherry,2020-03-22,0,0.0
Puducherry,2020-03-23,0,0.0
Puducherry,2020-03-24,0,0.0
Puducherry,2020-03-25,0,0.0
Puducherry,2020-03-26,0,0.0
Puducherry,2020-03-27,0,0.0
Puducherry,2020-03-28,0,0.0
Puducherry,2020-03-29,0,0.0
Puducherry,2020-03-30,0,0.0
Puducherry,2020-03-31,0,1.0
Puducherry,2020-04-01,2,1.0
Puducherry,2020-04-02,2,1.0
Puducherry,2020-04-03,0,1.0
Puducherry,2020-04-04,0,0.0
Puducherry,2020-04-05,0,0.0
Puducherry,2020-04-06,0,0.0
Puducherry,2020-04-07,0,0.0
Puducherry,2020-04-08,0,0.0
Puducherry,2020-04-09,0,0.0
Puducherry,2020-04-10,2,0.0
Puducherry,2020-04-11,0,0.0
Puducherry,2020-04-12,0,0.0
Puducherry,2020-04-13,0,0.0
Puducherry,2020-04-14,0,0.0
Puducherry,2020-04-15,0,0.0
Puducherry,2020-04-16,0,0.0
Puducherry,2020-04-17,0,0.0
Puducherry,2020-04-18,0,0.0
Puducherry,2020-04-19,0,0.0
Puducherry,2020-04-20,0,0.0
Puducherry,2020-04-21,0,0.0
Puducherry,2020-04-22,0,0.0
Puducherry,2020-04-23,0,0.0
Puducherry,2020-04-24,0,0.0
Puducherry,2020-04-25,1,0.0
Puducherry,2020-04-26,0,0.0
Puducherry,2020-04-27,0,0.0
Puducherry,2020-04-28,0,0.0
Puducherry,2020-04-29,0,0.0
Puducherry,2020-04-30,0,0.0
Puducherry,2020-05-01,0,0.0
Puducherry,2020-05-02,1,0.0
Puducherry,2020-05-03,0,0.0
Puducherry,2020-05-04,0,1.0
Puducherry,2020-05-05,0,1.0
Puducherry,2020-05-06,0,1.0
Puducherry,2020-05-07,0,1.0
Puducherry,2020-05-08,6,2.0
Punjab,2020-03-14,1,0.0
Punjab,2020-03-15,0,0.0
Punjab,2020-03-16,0,0.0
Punjab,2020-03-17,0,1.0
Punjab,2020-03-18,1,2.0
Punjab,2020-03-19,0,2.0
Punjab,2020-03-20,1,3.0
Punjab,2020-03-21,10,4.0
Punjab,2020-03-22,8,4.0
Punjab,2020-03-23,2,4.0
Punjab,2020-03-24,6,4.0
Punjab,2020-03-25,2,4.0
Punjab,2020-03-26,2,3.0
Punjab,2020-03-27,5,2.0
Punjab,2020-03-28,0,2.0
Punjab,2020-03-29,0,2.0
Punjab,2020-03-30,3,2.0
Punjab,2020-03-31,1,3.0
Punjab,2020-04-01,4,3.0
Punjab,2020-04-02,1,4.0
Punjab,2020-04-03,6,6.0
Punjab,2020-04-04,12,7.0
Punjab,2020-04-05,3,9.0
Punjab,2020-04-06,11,12.0
Punjab,2020-04-07,20,13.0
Punjab,2020-04-08,7,14.0
Punjab,2020-04-09,24,14.0
Punjab,2020-04-10,21,14.0
Punjab,2020-04-11,7,12.0
Punjab,2020-04-12,12,11.0
Punjab,2020-04-13,6,10.0
Punjab,2020-04-14,8,10.0
Punjab,2020-04-15,2,10.0
Punjab,2020-04-16,11,10.0
Punjab,2020-04-17,14,10.0
Punjab,2020-04-18,23,11.0
Punjab,2020-04-19,10,11.0
Punjab,2020-04-20,1,12.0
Punjab,2020-04-21,6,12.0
Punjab,2020-04-22,27,12.0
Punjab,2020-04-23,5,11.0
Punjab,2020-04-24,15,12.0
Punjab,2020-04-25,10,13.0
Punjab,2020-04-26,14,20.0
Punjab,2020-04-27,8,28.0
Punjab,2020-04-28,12,46.0
Punjab,2020-04-29,33,76.0
Punjab,2020-04-30,105,101.0
Punjab,2020-05-01,105,130.0
Punjab,2020-05-02,187,149.0
Punjab,2020-05-03,330,162.0
Punjab,2020-05-04,130,164.0
Punjab,2020-05-05,219,160.0
Punjab,2020-05-06,75,153.0
Punjab,2020-05-07,118,140.0
Punjab,2020-05-08,87,118.0
Rajasthan,2020-03-14,3,1.0
Rajasthan,2020-03-15,1,1.0
Rajasthan,2020-03-16,0,2.0
Rajasthan,2020-03-17,0,2.0
Rajasthan,2020-03-18,3,3.0
Rajasthan,2020-03-19,2,3.0
Rajasthan,2020-03-20,8,4.0
Rajasthan,2020-03-21,7,4.0
Rajasthan,2020-03-22,4,4.0
Rajasthan,2020-03-23,4,4.0
Rajasthan,2020-03-24,0,5.0
Rajasthan,2020-03-25,6,4.0
Rajasthan,2020-03-26,2,5.0
Rajasthan,2020-03-27,10,7.0
Rajasthan,2020-03-28,4,9.0
Rajasthan,2020-03-29,5,11.0
Rajasthan,2020-03-30,20,15.0
Rajasthan,2020-03-31,14,18.0
Rajasthan,2020-04-01,27,23.0
Rajasthan,2020-04-02,13,28.0
Rajasthan,2020-04-03,46,32.0
Rajasthan,2020-04-04,27,35.0
Rajasthan,2020-04-05,60,41.0
Rajasthan,2020-04-06,35,47.0
Rajasthan,2020-04-07,42,58.0
Rajasthan,2020-04-08,40,67.0
Rajasthan,2020-04-09,80,77.0
Rajasthan,2020-04-10,98,86.0
Rajasthan,2020-04-11,139,93.0
Rajasthan,2020-04-12,104,95.0
Rajasthan,2020-04-13,93,96.0
Rajasthan,2020-04-14,108,96.0
Rajasthan,2020-04-15,71,96.0
Rajasthan,2020-04-16,55,94.0
Rajasthan,2020-04-17,98,100.0
Rajasthan,2020-04-18,122,108.0
Rajasthan,2020-04-19,127,111.0
Rajasthan,2020-04-20,98,114.0
Rajasthan,2020-04-21,159,113.0
Rajasthan,2020-04-22,153,109.0
Rajasthan,2020-04-23,76,101.0
Rajasthan,2020-04-24,70,95.0
Rajasthan,2020-04-25,49,90.0
Rajasthan,2020-04-26,102,88.0
Rajasthan,2020-04-27,77,87.0
Rajasthan,2020-04-28,102,91.0
Rajasthan,2020-04-29,76,96.0
Rajasthan,2020-04-30,144,106.0
Rajasthan,2020-05-01,82,109.0
Rajasthan,2020-05-02,106,116.0
Rajasthan,2020-05-03,114,120.0
Rajasthan,2020-05-04,175,126.0
Rajasthan,2020-05-05,97,128.0
Rajasthan,2020-05-06,159,132.0
Rajasthan,2020-05-07,110,135.0
Rajasthan,2020-05-08,152,137.0
Sikkim,2020-03-14,0,0.0
Sikkim,2020-03-15,0,0.0
Sikkim,2020-03-16,0,0.0
Sikkim,2020-03-17,0,0.0
Sikkim,2020-03-18,0,0.0
Sikkim,2020-03-19,0,0.0
Sikkim,2020-03-20,0,0.0
Sikkim,2020-03-21,0,0.0
Sikkim,2020-03-22,0,0.0
Sikkim,2020-03-23,0,0.0
Sikkim,2020-03-24,0,0.0
Sikkim,2020-03-25,0,0.0
Sikkim,2020-03-26,0,0.0
Sikkim,2020-03-27,0,0.0
Sikkim,2020-03-28,0,0.0
Sikkim,2020-03-29,0,0.0
Sikkim,2020-03-30,0,0.0
Sikkim,2020-03-31,0,0.0
Sikkim,2020-04-01,0,0.0
Sikkim,2020-04-02,0,0.0
Sikkim,2020-04-03,0,0.0
Sikkim,2020-04-04,0,0.0
Sikkim,2020-04-05,0,0.0
Sikkim,2020-04-06,0,0.0
Sikkim,2020-04-07,0,0.0
Sikkim,2020-04-08,0,0.0
Sikkim,2020-04-09,0,0.0
Sikkim,2020-04-10,0,0.0
Sikkim,2020-04-11,0,0.0
Sikkim,2020-04-12,0,0.0
Sikkim,2020-04-13,0,0.0
Sikkim,2020-04-14,0,0.0
Sikkim,2020-04-15,0,0.0
Sikkim,2020-04-16,0,0.0
Sikkim,2020-04-17,0,0.0
Sikkim,2020-04-18,0,0.0
Sikkim,2020-04-19,0,0.0
Sikkim,2020-04-20,0,0.0
Sikkim,2020-04-21,0,0.0
Sikkim,2020-04-22,0,0.0
Sikkim,2020-04-23,0,0.0
Sikkim,2020-04-24,0,0.0
Sikkim,2020-04-25,0,0.0
Sikkim,2020-04-26,0,0.0
Sikkim,2020-04-27,0,0.0
Sikkim,2020-04-28,0,0.0
Sikkim,2020-04-29,0,0.0
Sikkim,2020-04-30,0,0.0
Sikkim,2020-05-01,0,0.0
Sikkim,2020-05-02,0,0.0
Sikkim,2020-05-03,0,0.0
Sikkim,2020-05-04,0,0.0
Sikkim,2020-05-05,0,0.0
Sikkim,2020-05-06,0,0.0
Sikkim,2020-05-07,0,0.0
Sikkim,2020-05-08,0,0.0
Tamil Nadu,2020-03-14,1,0.0
Tamil Nadu,2020-03-15,0,0.0
Tamil Nadu,2020-03-16,0,0.0
Tamil Nadu,2020-03-17,0,1.0
Tamil Nadu,2020-03-18,1,1.0
Tamil Nadu,2020-03-19,1,1.0
Tamil Nadu,2020-03-20,0,2.0
Tamil Nadu,2020-03-21,3,3.0
Tamil Nadu,2020-03-22,3,3.0
Tamil Nadu,2020-03-23,3,4.0
Tamil Nadu,2020-03-24,6,5.0
Tamil Nadu,2020-03-25,8,5.0
Tamil Nadu,2020-03-26,3,6.0
Tamil Nadu,2020-03-27,9,10.0
Tamil Nadu,2020-03-28,4,19.0
Tamil Nadu,2020-03-29,8,28.0
Tamil Nadu,2020-03-30,17,40.0
Tamil Nadu,2020-03-31,57,52.0
Tamil Nadu,2020-04-01,110,64.0
Tamil Nadu,2020-04-02,75,71.0
Tamil Nadu,2020-04-03,102,77.0
Tamil Nadu,2020-04-04,74,77.0
Tamil Nadu,2020-04-05,86,77.0
Tamil Nadu,2020-04-06,50,73.0
Tamil Nadu,2020-04-07,69,71.0
Tamil Nadu,2020-04-08,48,72.0
Tamil Nadu,2020-04-09,96,74.0
Tamil Nadu,2020-04-10,77,74.0
Tamil Nadu,2020-04-11,58,73.0
Tamil Nadu,2020-04-12,106,69.0
Tamil Nadu,2020-04-13,98,66.0
Tamil Nadu,2020-04-14,31,59.0
Tamil Nadu,2020-04-15,38,57.0
Tamil Nadu,2020-04-16,25,56.0
Tamil Nadu,2020-04-17,56,55.0
Tamil Nadu,2020-04-18,49,54.0
Tamil Nadu,2020-04-19,105,57.0
Tamil Nadu,2020-04-20,43,59.0
Tamil Nadu,2020-04-21,76,61.0
Tamil Nadu,2020-04-22,33,61.0
Tamil Nadu,2020-04-23,54,61.0
Tamil Nadu,2020-04-24,72,63.0
Tamil Nadu,2020-04-25,66,68.0
Tamil Nadu,2020-04-26,64,77.0
Tamil Nadu,2020-04-27,52,93.0
Tamil Nadu,2020-04-28,121,113.0
Tamil Nadu,2020-04-29,104,136.0
Tamil Nadu,2020-04-30,161,179.0
Tamil Nadu,2020-05-01,203,229.0
Tamil Nadu,2020-05-02,231,301.0
Tamil Nadu,2020-05-03,266,367.0
Tamil Nadu,2020-05-04,527,436.0
Tamil Nadu,2020-05-05,508,491.0
Tamil Nadu,2020-05-06,771,537.0
Tamil Nadu,2020-05-07,580,576.0
Tamil Nadu,2020-05-08,600,609.0
Telangana,2020-03-14,1,2.0
Telangana,2020-03-15,2,2.0
Telangana,2020-03-16,1,3.0
Telangana,2020-03-17,1,3.0
Telangana,2020-03-18,8,3.0
Telangana,2020-03-19,3,4.0
Telangana,2020-03-20,3,4.0
Telangana,2020-03-21,2,4.0
Telangana,2020-03-22,6,4.0
Telangana,2020-03-23,6,5.0
Telangana,2020-03-24,4,5.0
Telangana,2020-03-25,4,6.0
Telangana,2020-03-26,3,6.0
Telangana,2020-03-27,15,7.0
Telangana,2020-03-28,8,9.0
Telangana,2020-03-29,3,12.0
Telangana,2020-03-30,7,18.0
Telangana,2020-03-31,20,23.0
Telangana,2020-04-01,30,30.0
Telangana,2020-04-02,27,36.0
Telangana,2020-04-03,75,41.0
Telangana,2020-04-04,43,44.0
Telangana,2020-04-05,62,44.0
Telangana,2020-04-06,30,42.0
Telangana,2020-04-07,40,39.0
Telangana,2020-04-08,49,33.0
Telangana,2020-04-09,18,32.0
Telangana,2020-04-10,16,31.0
Telangana,2020-04-11,16,31.0
Telangana,2020-04-12,28,32.0
Telangana,2020-04-13,61,35.0
Telangana,2020-04-14,52,39.0
Telangana,2020-04-15,6,42.0
Telangana,2020-04-16,50,43.0
Telangana,2020-04-17,66,44.0
Telangana,2020-04-18,43,41.0
Telangana,2020-04-19,49,39.0
Telangana,2020-04-20,14,37.0
Telangana,2020-04-21,56,32.0
Telangana,2020-04-22,15,26.0
Telangana,2020-04-23,27,21.0
Telangana,2020-04-24,13,17.0
Telangana,2020-04-25,7,14.0
Telangana,2020-04-26,11,11.0
Telangana,2020-04-27,2,10.0
Telangana,2020-04-28,6,9.0
Telangana,2020-04-29,7,10.0
Telangana,2020-04-30,22,11.0
Telangana,2020-05-01,6,12.0
Telangana,2020-05-02,17,12.0
Telangana,2020-05-03,21,13.0
Telangana,2020-05-04,3,12.0
Telangana,2020-05-05,11,12.0
Telangana,2020-05-06,11,12.0
Telangana,2020-05-07,15,11.0
Telangana,2020-05-08,10,11.0
Tripura,2020-03-14,0,0.0
Tripura,2020-03-15,0,0.0
Tripura,2020-03-16,0,0.0
Tripura,2020-03-17,0,0.0
Tripura,2020-03-18,0,0.0
Tripura,2020-03-19,0,0.0
Tripura,2020-03-20,0,0.0
Tripura,2020-03-21,0,0.0
Tripura,2020-03-22,0,0.0
Tripura,2020-03-23,0,0.0
Tripura,2020-03-24,0,0.0
Tripura,2020-03-25,0,0.0
Tripura,2020-03-26,0,0.0
Tripura,2020-03-27,0,0.0
Tripura,2020-03-28,0,0.0
Tripura,2020-03-29,0,0.0
Tripura,2020-03-30,0,0.0
Tripura,2020-03-31,0,0.0
Tripura,2020-04-01,0,0.0
Tripura,2020-04-02,0,0.0
Tripura,2020-04-03,0,0.0
Tripura,2020-04-04,0,0.0
Tripura,2020-04-05,0,0.0
Tripura,2020-04-06,1,0.0
Tripura,2020-04-07,0,0.0
Tripura,2020-04-08,0,0.0
Tripura,2020-04-09,0,0.0
Tripura,2020-04-10,1,0.0
Tripura,2020-04-11,0,0.0
Tripura,2020-04-12,0,0.0
Tripura,2020-04-13,0,0.0
Tripura,2020-04-14,0,0.0
Tripura,2020-04-15,0,0.0
Tripura,2020-04-16,0,0.0
Tripura,2020-04-17,0,0.0
Tripura,2020-04-18,0,0.0
Tripura,2020-04-19,0,0.0
Tripura,2020-04-20,0,0.0
Tripura,2020-04-21,0,0.0
Tripura,2020-04-22,0,0.0
Tripura,2020-04-23,0,0.0
Tripura,2020-04-24,0,0.0
Tripura,2020-04-25,0,0.0
Tripura,2020-04-26,0,0.0
Tripura,2020-04-27,0,0.0
Tripura,2020-04-28,0,0.0
Tripura,2020-04-29,0,1.0
Tripura,2020-04-30,0,2.0
Tripura,2020-05-01,0,4.0
Tripura,2020-05-02,2,6.0
Tripura,2020-05-03,12,9.0
Tripura,2020-05-04,13,13.0
Tripura,2020-05-05,13,15.0
Tripura,2020-05-06,22,18.0
Tripura,2020-05-07,24,20.0
Tripura,2020-05-08,30,22.0
Uttar Pradesh,2020-03-14,12,4.0
Uttar Pradesh,2020-03-15,1,3.0
Uttar Pradesh,2020-03-16,0,3.0
Uttar Pradesh,2020-03-17,2,3.0
Uttar Pradesh,2020-03-18,2,3.0
Uttar Pradesh,2020-03-19,3,2.0
Uttar Pradesh,2020-03-20,4,3.0
Uttar Pradesh,2020-03-21,4,3.0
Uttar Pradesh,2020-03-22,2,3.0
Uttar Pradesh,2020-03-23,2,3.0
Uttar Pradesh,2020-03-24,3,4.0
Uttar Pradesh,2020-03-25,3,5.0
Uttar Pradesh,2020-03-26,4,7.0
Uttar Pradesh,2020-03-27,7,8.0
Uttar Pradesh,2020-03-28,16,10.0
Uttar Pradesh,2020-03-29,7,11.0
Uttar Pradesh,2020-03-30,24,14.0
Uttar Pradesh,2020-03-31,8,19.0
Uttar Pradesh,2020-04-01,13,23.0
Uttar Pradesh,2020-04-02,11,27.0
Uttar Pradesh,2020-04-03,46,31.0
Uttar Pradesh,2020-04-04,60,33.0
Uttar Pradesh,2020-04-05,44,36.0
Uttar Pradesh,2020-04-06,27,36.0
Uttar Pradesh,2020-04-07,27,35.0
Uttar Pradesh,2020-04-08,29,33.0
Uttar Pradesh,2020-04-09,49,34.0
Uttar Pradesh,2020-04-10,23,38.0
Uttar Pradesh,2020-04-11,19,45.0
Uttar Pradesh,2020-04-12,31,51.0
Uttar Pradesh,2020-04-13,75,57.0
Uttar Pradesh,2020-04-14,102,65.0
Uttar Pradesh,2020-04-15,75,75.0
Uttar Pradesh,2020-04-16,70,82.0
Uttar Pradesh,2020-04-17,44,91.0
Uttar Pradesh,2020-04-18,126,97.0
Uttar Pradesh,2020-04-19,125,99.0
Uttar Pradesh,2020-04-20,84,103.0
Uttar Pradesh,2020-04-21,153,110.0
Uttar Pradesh,2020-04-22,112,113.0
Uttar Pradesh,2020-04-23,61,112.0
Uttar Pradesh,2020-04-24,111,109.0
Uttar Pradesh,2020-04-25,172,107.0
Uttar Pradesh,2020-04-26,80,100.0
Uttar Pradesh,2020-04-27,113,98.0
Uttar Pradesh,2020-04-28,67,101.0
Uttar Pradesh,2020-04-29,81,104.0
Uttar Pradesh,2020-04-30,77,106.0
Uttar Pradesh,2020-05-01,117,113.0
Uttar Pradesh,2020-05-02,159,118.0
Uttar Pradesh,2020-05-03,158,121.0
Uttar Pradesh,2020-05-04,121,123.0
Uttar Pradesh,2020-05-05,114,124.0
Uttar Pradesh,2020-05-06,118,121.0
Uttar Pradesh,2020-05-07,73,117.0
Uttar Pradesh,2020-05-08,143,113.0
Uttarakhand,2020-03-14,0,0.0
Uttarakhand,2020-03-15,0,0.0
Uttarakhand,2020-03-16,1,0.0
Uttarakhand,2020-03-17,0,0.0
Uttarakhand,2020-03-18,1,0.0
Uttarakhand,2020-03-19,1,0.0
Uttarakhand,2020-03-20,0,0.0
Uttarakhand,2020-03-21,0,0.0
Uttarakhand,2020-03-22,0,0.0
Uttarakhand,2020-03-23,1,0.0
Uttarakhand,2020-03-24,0,0.0
Uttarakhand,2020-03-25,1,0.0
Uttarakhand,2020-03-26,0,0.0
Uttarakhand,2020-03-27,0,0.0
Uttarakhand,2020-03-28,1,0.0
Uttarakhand,2020-03-29,1,1.0
Uttarakhand,2020-03-30,0,1.0
Uttarakhand,2020-03-31,0,2.0
Uttarakhand,2020-04-01,0,2.0
Uttarakhand,2020-04-02,3,3.0
Uttarakhand,2020-04-03,6,3.0
Uttarakhand,2020-04-04,6,4.0
Uttarakhand,2020-04-05,4,4.0
Uttarakhand,2020-04-06,5,3.0
Uttarakhand,2020-04-07,0,3.0
Uttarakhand,2020-04-08,4,2.0
Uttarakhand,2020-04-09,0,1.0
Uttarakhand,2020-04-10,0,1.0
Uttarakhand,2020-04-11,0,1.0
Uttarakhand,2020-04-12,0,0.0
Uttarakhand,2020-04-13,0,0.0
Uttarakhand,2020-04-14,2,1.0
Uttarakhand,2020-04-15,0,1.0
Uttarakhand,2020-04-16,0,1.0
Uttarakhand,2020-04-17,3,1.0
Uttarakhand,2020-04-18,2,1.0
Uttarakhand,2020-04-19,2,1.0
Uttarakhand,2020-04-20,2,1.0
Uttarakhand,2020-04-21,0,1.0
Uttarakhand,2020-04-22,0,1.0
Uttarakhand,2020-04-23,1,1.0
Uttarakhand,2020-04-24,1,1.0
Uttarakhand,2020-04-25,0,1.0
Uttarakhand,2020-04-26,3,1.0
Uttarakhand,2020-04-27,0,1.0
Uttarakhand,2020-04-28,3,1.0
Uttarakhand,2020-04-29,1,1.0
Uttarakhand,2020-04-30,2,1.0
Uttarakhand,2020-05-01,0,1.0
Uttarakhand,2020-05-02,2,1.0
Uttarakhand,2020-05-03,1,1.0
Uttarakhand,2020-05-04,0,1.0
Uttarakhand,2020-05-05,1,1.0
Uttarakhand,2020-05-06,0,1.0
Uttarakhand,2020-05-07,0,1.0
Uttarakhand,2020-05-08,2,1.0
West Bengal,2020-03-14,0,0.0
West Bengal,2020-03-15,0,0.0
West Bengal,2020-03-16,0,0.0
West Bengal,2020-03-17,1,0.0
West Bengal,2020-03-18,0,1.0
West Bengal,2020-03-19,0,1.0
West Bengal,2020-03-20,1,1.0
West Bengal,2020-03-21,2,1.0
West Bengal,2020-03-22,3,1.0
West Bengal,2020-03-23,0,1.0
West Bengal,2020-03-24,2,2.0
West Bengal,2020-03-25,0,2.0
West Bengal,2020-03-26,1,2.0
West Bengal,2020-03-27,5,3.0
West Bengal,2020-03-28,3,3.0
West Bengal,2020-03-29,3,5.0
West Bengal,2020-03-30,1,5.0
West Bengal,2020-03-31,15,5.0
West Bengal,2020-04-01,0,7.0
West Bengal,2020-04-02,16,7.0
West Bengal,2020-04-03,0,8.0
West Bengal,2020-04-04,0,8.0
West Bengal,2020-04-05,27,8.0
West Bengal,2020-04-06,0,9.0
West Bengal,2020-04-07,11,8.0
West Bengal,2020-04-08,8,9.0
West Bengal,2020-04-09,4,10.0
West Bengal,2020-04-10,13,11.0
West Bengal,2020-04-11,10,14.0
West Bengal,2020-04-12,8,16.0
West Bengal,2020-04-13,18,18.0
West Bengal,2020-04-14,38,21.0
West Bengal,2020-04-15,23,23.0
West Bengal,2020-04-16,18,24.0
West Bengal,2020-04-17,24,27.0
West Bengal,2020-04-18,32,29.0
West Bengal,2020-04-19,23,30.0
West Bengal,2020-04-20,29,33.0
West Bengal,2020-04-21,53,37.0
West Bengal,2020-04-22,31,40.0
West Bengal,2020-04-23,33,42.0
West Bengal,2020-04-24,58,44.0
West Bengal,2020-04-25,57,44.0
West Bengal,2020-04-26,40,43.0
West Bengal,2020-04-27,38,42.0
West Bengal,2020-04-28,48,46.0
West Bengal,2020-04-29,28,62.0
West Bengal,2020-04-30,33,71.0
West Bengal,2020-05-01,37,84.0
West Bengal,2020-05-02,127,97.0
West Bengal,2020-05-03,276,106.0
West Bengal,2020-05-04,61,113.0
West Bengal,2020-05-05,85,117.0
West Bengal,2020-05-06,112,118.0
West Bengal,2020-05-07,92,115.0
West Bengal,2020-05-08,130,102.0
